iso,seq,channel,client_id,bytes
2026-05-01T20:10:40.277Z,1,traffic,1,289
2026-05-01T20:10:40.280Z,2,traffic,1,286
2026-05-01T20:10:40.283Z,3,traffic,1,286
2026-05-01T20:10:40.286Z,4,traffic,1,285
2026-05-01T20:10:40.290Z,5,traffic,1,287
2026-05-01T20:10:40.293Z,6,traffic,1,286
2026-05-01T20:10:40.295Z,7,traffic,1,287
2026-05-01T20:10:40.298Z,8,traffic,1,287
2026-05-01T20:10:40.301Z,9,traffic,1,288
2026-05-01T20:10:40.305Z,10,traffic,1,285
2026-05-01T20:10:40.307Z,11,traffic,1,287
2026-05-01T20:10:40.310Z,12,traffic,1,286
2026-05-01T20:10:40.314Z,13,traffic,1,289
2026-05-01T20:10:40.317Z,14,traffic,1,288
2026-05-01T20:10:40.320Z,15,traffic,1,288
2026-05-01T20:10:40.323Z,16,traffic,1,288
2026-05-01T20:10:40.327Z,17,traffic,1,287
2026-05-01T20:10:40.330Z,18,traffic,1,288
2026-05-01T20:10:40.333Z,19,traffic,1,287
2026-05-01T20:10:40.336Z,20,traffic,1,286
2026-05-01T20:10:40.340Z,21,traffic,1,287
2026-05-01T20:10:40.343Z,22,traffic,1,288
2026-05-01T20:10:40.346Z,23,traffic,1,289
2026-05-01T20:10:40.349Z,24,traffic,1,286
2026-05-01T20:10:40.352Z,25,traffic,1,286
2026-05-01T20:10:40.355Z,26,traffic,1,286
2026-05-01T20:10:40.359Z,27,traffic,1,286
2026-05-01T20:10:40.361Z,28,traffic,1,286
2026-05-01T20:10:40.364Z,29,traffic,1,287
2026-05-01T20:10:40.367Z,30,traffic,1,286
2026-05-01T20:10:40.370Z,31,traffic,1,287
2026-05-01T20:10:40.374Z,32,traffic,1,286
2026-05-01T20:10:40.376Z,33,traffic,1,286
2026-05-01T20:10:40.379Z,34,traffic,1,287
2026-05-01T20:10:40.382Z,35,traffic,1,287
2026-05-01T20:10:40.386Z,36,traffic,1,286
2026-05-01T20:10:40.389Z,37,traffic,1,287
2026-05-01T20:10:40.391Z,38,traffic,1,284
2026-05-01T20:10:40.394Z,39,traffic,1,288
2026-05-01T20:10:40.397Z,40,traffic,1,287
2026-05-01T20:10:40.400Z,41,traffic,1,288
2026-05-01T20:10:40.404Z,42,traffic,1,287
2026-05-01T20:10:40.406Z,43,traffic,1,284
2026-05-01T20:10:40.409Z,44,traffic,1,288
2026-05-01T20:10:40.412Z,45,traffic,1,288
2026-05-01T20:10:40.415Z,46,traffic,1,286
2026-05-01T20:10:40.419Z,47,traffic,1,287
2026-05-01T20:10:40.422Z,48,traffic,1,288
2026-05-01T20:10:40.425Z,49,traffic,1,288
2026-05-01T20:10:40.428Z,50,traffic,1,286
2026-05-01T20:10:40.431Z,51,traffic,1,287
2026-05-01T20:10:40.435Z,52,traffic,1,287
2026-05-01T20:10:40.437Z,53,traffic,1,287
2026-05-01T20:10:40.440Z,54,traffic,1,288
2026-05-01T20:10:40.443Z,55,traffic,1,288
2026-05-01T20:10:40.446Z,56,traffic,1,287
2026-05-01T20:10:40.450Z,57,traffic,1,287
2026-05-01T20:10:40.453Z,58,traffic,1,289
2026-05-01T20:10:40.456Z,59,traffic,1,285
2026-05-01T20:10:40.460Z,60,traffic,1,285
2026-05-01T20:10:40.463Z,61,traffic,1,289
2026-05-01T20:10:40.467Z,62,traffic,1,285
2026-05-01T20:10:40.470Z,63,traffic,1,289
2026-05-01T20:10:40.474Z,64,traffic,1,287
2026-05-01T20:10:40.476Z,65,traffic,1,289
2026-05-01T20:10:40.479Z,66,traffic,1,287
2026-05-01T20:10:40.482Z,67,traffic,1,286
2026-05-01T20:10:40.485Z,68,traffic,1,287
2026-05-01T20:10:40.489Z,69,traffic,1,288
2026-05-01T20:10:40.491Z,70,traffic,1,288
2026-05-01T20:10:40.494Z,71,traffic,1,287
2026-05-01T20:10:40.497Z,72,traffic,1,288
2026-05-01T20:10:40.500Z,73,traffic,1,287
2026-05-01T20:10:40.504Z,74,traffic,1,285
2026-05-01T20:10:40.507Z,75,traffic,1,288
2026-05-01T20:10:40.510Z,76,traffic,1,288
2026-05-01T20:10:40.513Z,77,traffic,1,285
2026-05-01T20:10:40.516Z,78,traffic,1,287
2026-05-01T20:10:40.521Z,79,traffic,1,285
2026-05-01T20:10:40.523Z,80,traffic,1,286
2026-05-01T20:10:40.526Z,81,traffic,1,288
2026-05-01T20:10:40.529Z,82,traffic,1,286
2026-05-01T20:10:40.532Z,83,traffic,1,288
2026-05-01T20:10:40.536Z,84,traffic,1,288
2026-05-01T20:10:40.538Z,85,traffic,1,286
2026-05-01T20:10:40.541Z,86,traffic,1,286
2026-05-01T20:10:40.544Z,87,traffic,1,286
2026-05-01T20:10:40.548Z,88,traffic,1,288
2026-05-01T20:10:40.551Z,89,traffic,1,288
2026-05-01T20:10:40.554Z,90,traffic,1,289
2026-05-01T20:10:40.557Z,91,traffic,1,288
2026-05-01T20:10:40.560Z,92,traffic,1,286
2026-05-01T20:10:40.565Z,93,traffic,1,287
2026-05-01T20:10:40.568Z,94,traffic,1,288
2026-05-01T20:10:40.571Z,95,traffic,1,285
2026-05-01T20:10:40.574Z,96,traffic,1,288
2026-05-01T20:10:40.578Z,97,traffic,1,288
2026-05-01T20:10:40.581Z,98,traffic,1,288
2026-05-01T20:10:40.584Z,99,traffic,1,287
2026-05-01T20:10:40.587Z,100,traffic,1,286
2026-05-01T20:10:40.590Z,101,traffic,1,287
2026-05-01T20:10:40.594Z,102,traffic,1,286
2026-05-01T20:10:40.596Z,103,traffic,1,286
2026-05-01T20:10:40.599Z,104,traffic,1,285
2026-05-01T20:10:40.602Z,105,traffic,1,284
2026-05-01T20:10:40.605Z,106,traffic,1,286
2026-05-01T20:10:40.609Z,107,traffic,1,287
2026-05-01T20:10:40.611Z,108,traffic,1,286
2026-05-01T20:10:40.614Z,109,traffic,1,287
2026-05-01T20:10:40.617Z,110,traffic,1,287
2026-05-01T20:10:40.620Z,111,traffic,1,284
2026-05-01T20:10:40.624Z,112,traffic,1,287
2026-05-01T20:10:40.626Z,113,traffic,1,285
2026-05-01T20:10:40.629Z,114,traffic,1,288
2026-05-01T20:10:40.632Z,115,traffic,1,287
2026-05-01T20:10:40.635Z,116,traffic,1,286
2026-05-01T20:10:40.639Z,117,traffic,1,287
2026-05-01T20:10:40.641Z,118,traffic,1,283
2026-05-01T20:10:40.644Z,119,traffic,1,289
2026-05-01T20:10:40.647Z,120,traffic,1,287
2026-05-01T20:10:40.650Z,121,traffic,1,286
2026-05-01T20:10:40.655Z,122,traffic,1,288
2026-05-01T20:10:40.658Z,123,traffic,1,287
2026-05-01T20:10:40.661Z,124,traffic,1,288
2026-05-01T20:10:40.664Z,125,traffic,1,286
2026-05-01T20:10:40.667Z,126,traffic,1,288
2026-05-01T20:10:40.671Z,127,traffic,1,287
2026-05-01T20:10:40.674Z,128,traffic,1,285
2026-05-01T20:10:40.677Z,129,traffic,1,287
2026-05-01T20:10:40.680Z,130,traffic,1,288
2026-05-01T20:10:40.683Z,131,traffic,1,287
2026-05-01T20:10:40.687Z,132,traffic,1,288
2026-05-01T20:10:40.690Z,133,traffic,1,288
2026-05-01T20:10:40.693Z,134,traffic,1,286
2026-05-01T20:10:40.696Z,135,traffic,1,286
2026-05-01T20:10:40.701Z,136,traffic,1,286
2026-05-01T20:10:40.703Z,137,traffic,1,286
2026-05-01T20:10:40.706Z,138,traffic,1,288
2026-05-01T20:10:40.709Z,139,traffic,1,287
2026-05-01T20:10:40.713Z,140,traffic,1,289
2026-05-01T20:10:40.715Z,141,traffic,1,288
2026-05-01T20:10:40.718Z,142,traffic,1,286
2026-05-01T20:10:40.721Z,143,traffic,1,287
2026-05-01T20:10:40.725Z,144,traffic,1,287
2026-05-01T20:10:40.728Z,145,traffic,1,289
2026-05-01T20:10:40.731Z,146,traffic,1,287
2026-05-01T20:10:40.735Z,147,traffic,1,288
2026-05-01T20:10:40.738Z,148,traffic,1,287
2026-05-01T20:10:40.741Z,149,traffic,1,285
2026-05-01T20:10:40.744Z,150,traffic,1,287
2026-05-01T20:10:40.747Z,151,traffic,1,287
2026-05-01T20:10:40.751Z,152,traffic,1,286
2026-05-01T20:10:40.754Z,153,traffic,1,288
2026-05-01T20:10:40.757Z,154,traffic,1,284
2026-05-01T20:10:40.760Z,155,traffic,1,287
2026-05-01T20:10:40.763Z,156,traffic,1,287
2026-05-01T20:10:40.767Z,157,traffic,1,287
2026-05-01T20:10:40.770Z,158,traffic,1,287
2026-05-01T20:10:40.772Z,159,traffic,1,289
2026-05-01T20:10:40.775Z,160,traffic,1,287
2026-05-01T20:10:40.778Z,161,traffic,1,287
2026-05-01T20:10:40.781Z,162,traffic,1,285
2026-05-01T20:10:40.785Z,163,traffic,1,289
2026-05-01T20:10:40.788Z,164,traffic,1,288
2026-05-01T20:10:40.790Z,165,traffic,1,289
2026-05-01T20:10:40.793Z,166,traffic,1,288
2026-05-01T20:10:40.796Z,167,traffic,1,286
2026-05-01T20:10:40.799Z,168,traffic,1,289
2026-05-01T20:10:40.803Z,169,traffic,1,287
2026-05-01T20:10:40.806Z,170,traffic,1,286
2026-05-01T20:10:40.808Z,171,traffic,1,286
2026-05-01T20:10:40.811Z,172,traffic,1,289
2026-05-01T20:10:40.814Z,173,traffic,1,287
2026-05-01T20:10:40.818Z,174,traffic,1,285
2026-05-01T20:10:40.821Z,175,traffic,1,286
2026-05-01T20:10:40.824Z,176,traffic,1,285
2026-05-01T20:10:40.827Z,177,traffic,1,286
2026-05-01T20:10:40.830Z,178,traffic,1,287
2026-05-01T20:10:40.834Z,179,traffic,1,287
2026-05-01T20:10:40.837Z,180,traffic,1,286
2026-05-01T20:10:40.840Z,181,traffic,1,287
2026-05-01T20:10:40.843Z,182,traffic,1,287
2026-05-01T20:10:40.847Z,183,traffic,1,285
2026-05-01T20:10:40.849Z,184,traffic,1,286
2026-05-01T20:10:40.852Z,185,traffic,1,286
2026-05-01T20:10:40.855Z,186,traffic,1,286
2026-05-01T20:10:40.859Z,187,traffic,1,288
2026-05-01T20:10:40.863Z,188,traffic,1,284
2026-05-01T20:10:40.866Z,189,traffic,1,287
2026-05-01T20:10:40.869Z,190,traffic,1,287
2026-05-01T20:10:40.872Z,191,traffic,1,287
2026-05-01T20:10:40.876Z,192,traffic,1,287
2026-05-01T20:10:40.879Z,193,traffic,1,285
2026-05-01T20:10:40.881Z,194,traffic,1,288
2026-05-01T20:10:40.884Z,195,traffic,1,288
2026-05-01T20:10:40.887Z,196,traffic,1,286
2026-05-01T20:10:40.891Z,197,traffic,1,289
2026-05-01T20:10:40.894Z,198,traffic,1,287
2026-05-01T20:10:40.897Z,199,traffic,1,288
2026-05-01T20:10:40.901Z,200,traffic,1,286
2026-05-01T20:10:40.903Z,201,traffic,1,289
2026-05-01T20:10:40.906Z,202,traffic,1,286
2026-05-01T20:10:40.910Z,203,traffic,1,287
2026-05-01T20:10:40.913Z,204,traffic,1,287
2026-05-01T20:10:40.917Z,205,traffic,1,288
2026-05-01T20:10:40.920Z,206,traffic,1,288
2026-05-01T20:10:40.923Z,207,traffic,1,286
2026-05-01T20:10:40.926Z,208,traffic,1,287
2026-05-01T20:10:40.929Z,209,traffic,1,287
2026-05-01T20:10:40.933Z,210,traffic,1,285
2026-05-01T20:10:40.935Z,211,traffic,1,288
2026-05-01T20:10:40.938Z,212,traffic,1,284
2026-05-01T20:10:40.941Z,213,traffic,1,288
2026-05-01T20:10:40.944Z,214,traffic,1,287
2026-05-01T20:10:40.948Z,215,traffic,1,289
2026-05-01T20:10:40.950Z,216,traffic,1,287
2026-05-01T20:10:40.953Z,217,traffic,1,286
2026-05-01T20:10:40.956Z,218,traffic,1,287
2026-05-01T20:10:40.959Z,219,traffic,1,288
2026-05-01T20:10:40.962Z,220,traffic,1,288
2026-05-01T20:10:40.967Z,221,traffic,1,288
2026-05-01T20:10:40.969Z,222,traffic,1,286
2026-05-01T20:10:40.972Z,223,traffic,1,287
2026-05-01T20:10:40.975Z,224,traffic,1,286
2026-05-01T20:10:40.978Z,225,traffic,1,287
2026-05-01T20:10:40.982Z,226,traffic,1,287
2026-05-01T20:10:40.984Z,227,traffic,1,285
2026-05-01T20:10:40.987Z,228,traffic,1,287
2026-05-01T20:10:40.990Z,229,traffic,1,284
2026-05-01T20:10:40.993Z,230,traffic,1,286
2026-05-01T20:10:40.997Z,231,traffic,1,288
2026-05-01T20:10:41.000Z,232,traffic,1,286
2026-05-01T20:10:41.002Z,233,traffic,1,288
2026-05-01T20:10:41.005Z,234,traffic,1,288
2026-05-01T20:10:41.009Z,235,traffic,1,286
2026-05-01T20:10:41.012Z,236,traffic,1,287
2026-05-01T20:10:41.015Z,237,traffic,1,287
2026-05-01T20:10:41.018Z,238,traffic,1,287
2026-05-01T20:10:41.021Z,239,traffic,1,288
2026-05-01T20:10:41.025Z,240,traffic,1,288
2026-05-01T20:10:41.028Z,241,traffic,1,288
2026-05-01T20:10:41.030Z,242,traffic,1,287
2026-05-01T20:10:41.033Z,243,traffic,1,288
2026-05-01T20:10:41.036Z,244,traffic,1,287
2026-05-01T20:10:41.040Z,245,traffic,1,285
2026-05-01T20:10:41.043Z,246,traffic,1,288
2026-05-01T20:10:41.045Z,247,traffic,1,288
2026-05-01T20:10:41.048Z,248,traffic,1,288
2026-05-01T20:10:41.051Z,249,traffic,1,286
2026-05-01T20:10:41.054Z,250,traffic,1,286
2026-05-01T20:10:41.058Z,251,traffic,1,285
2026-05-01T20:10:41.061Z,252,traffic,1,286
2026-05-01T20:10:41.063Z,253,traffic,1,285
2026-05-01T20:10:41.066Z,254,traffic,1,287
2026-05-01T20:10:41.069Z,255,traffic,1,286
2026-05-01T20:10:41.073Z,256,traffic,1,286
2026-05-01T20:10:41.076Z,257,traffic,1,287
2026-05-01T20:10:41.079Z,258,traffic,1,286
2026-05-01T20:10:41.082Z,259,traffic,1,287
2026-05-01T20:10:41.085Z,260,traffic,1,287
2026-05-01T20:10:41.088Z,261,traffic,1,285
2026-05-01T20:10:41.092Z,262,traffic,1,286
2026-05-01T20:10:41.095Z,263,traffic,1,284
2026-05-01T20:10:41.098Z,264,traffic,1,288
2026-05-01T20:10:41.101Z,265,traffic,1,287
2026-05-01T20:10:41.104Z,266,traffic,1,287
2026-05-01T20:10:41.108Z,267,traffic,1,286
2026-05-01T20:10:41.110Z,268,traffic,1,285
2026-05-01T20:10:41.113Z,269,traffic,1,288
2026-05-01T20:10:41.116Z,270,traffic,1,288
2026-05-01T20:10:41.119Z,271,traffic,1,285
2026-05-01T20:10:41.123Z,272,traffic,1,287
2026-05-01T20:10:41.125Z,273,traffic,1,287
2026-05-01T20:10:41.128Z,274,traffic,1,288
2026-05-01T20:10:41.131Z,275,traffic,1,286
2026-05-01T20:10:41.136Z,276,traffic,1,286
2026-05-01T20:10:41.138Z,277,traffic,1,288
2026-05-01T20:10:41.141Z,278,traffic,1,287
2026-05-01T20:10:41.144Z,279,traffic,1,284
2026-05-01T20:10:41.147Z,280,traffic,1,288
2026-05-01T20:10:41.151Z,281,traffic,1,286
2026-05-01T20:10:41.155Z,282,traffic,1,287
2026-05-01T20:10:41.158Z,283,traffic,1,288
2026-05-01T20:10:41.161Z,284,traffic,1,287
2026-05-01T20:10:41.164Z,285,traffic,1,284
2026-05-01T20:10:41.169Z,286,traffic,1,288
2026-05-01T20:10:41.172Z,287,traffic,1,286
2026-05-01T20:10:41.175Z,288,traffic,1,289
2026-05-01T20:10:41.178Z,289,traffic,1,287
2026-05-01T20:10:41.181Z,290,traffic,1,287
2026-05-01T20:10:41.184Z,291,traffic,1,288
2026-05-01T20:10:41.188Z,292,traffic,1,286
2026-05-01T20:10:41.192Z,293,traffic,1,287
2026-05-01T20:10:41.194Z,294,traffic,1,287
2026-05-01T20:10:41.198Z,295,traffic,1,289
2026-05-01T20:10:41.201Z,296,traffic,1,288
2026-05-01T20:10:41.205Z,297,traffic,1,289
2026-05-01T20:10:41.208Z,298,traffic,1,287
2026-05-01T20:10:41.211Z,299,traffic,1,286
2026-05-01T20:10:41.214Z,300,traffic,1,288
2026-05-01T20:10:41.217Z,301,traffic,1,287
2026-05-01T20:10:41.220Z,302,traffic,1,286
2026-05-01T20:10:41.224Z,303,traffic,1,287
2026-05-01T20:10:41.226Z,304,traffic,1,285
2026-05-01T20:10:41.229Z,305,traffic,1,284
2026-05-01T20:10:41.232Z,306,traffic,1,287
2026-05-01T20:10:41.234Z,307,traffic,1,286
2026-05-01T20:10:41.239Z,308,traffic,1,287
2026-05-01T20:10:41.241Z,309,traffic,1,288
2026-05-01T20:10:41.244Z,310,traffic,1,287
2026-05-01T20:10:41.247Z,311,traffic,1,287
2026-05-01T20:10:41.251Z,312,traffic,1,286
2026-05-01T20:10:41.254Z,313,traffic,1,289
2026-05-01T20:10:41.257Z,314,traffic,1,288
2026-05-01T20:10:41.260Z,315,traffic,1,287
2026-05-01T20:10:41.263Z,316,traffic,1,289
2026-05-01T20:10:41.267Z,317,traffic,1,286
2026-05-01T20:10:41.270Z,318,traffic,1,288
2026-05-01T20:10:41.273Z,319,traffic,1,287
2026-05-01T20:10:41.277Z,320,traffic,1,284
2026-05-01T20:10:41.279Z,321,traffic,1,287
2026-05-01T20:10:41.283Z,322,traffic,1,288
2026-05-01T20:10:41.286Z,323,traffic,1,287
2026-05-01T20:10:41.290Z,324,traffic,1,288
2026-05-01T20:10:41.293Z,325,traffic,1,285
2026-05-01T20:10:41.296Z,326,traffic,1,286
2026-05-01T20:10:41.299Z,327,traffic,1,286
2026-05-01T20:10:41.302Z,328,traffic,1,286
2026-05-01T20:10:41.305Z,329,traffic,1,287
2026-05-01T20:10:41.309Z,330,traffic,1,284
2026-05-01T20:10:41.311Z,331,traffic,1,285
2026-05-01T20:10:41.314Z,332,traffic,1,286
2026-05-01T20:10:41.317Z,333,traffic,1,287
2026-05-01T20:10:41.320Z,334,traffic,1,287
2026-05-01T20:10:41.324Z,335,traffic,1,287
2026-05-01T20:10:41.327Z,336,traffic,1,286
2026-05-01T20:10:41.330Z,337,traffic,1,288
2026-05-01T20:10:41.333Z,338,traffic,1,284
2026-05-01T20:10:41.336Z,339,traffic,1,289
2026-05-01T20:10:41.340Z,340,traffic,1,287
2026-05-01T20:10:41.343Z,341,traffic,1,286
2026-05-01T20:10:41.345Z,342,traffic,1,288
2026-05-01T20:10:41.348Z,343,traffic,1,284
2026-05-01T20:10:41.351Z,344,traffic,1,288
2026-05-01T20:10:41.355Z,345,traffic,1,289
2026-05-01T20:10:41.358Z,346,traffic,1,284
2026-05-01T20:10:41.360Z,347,traffic,1,288
2026-05-01T20:10:41.363Z,348,traffic,1,285
2026-05-01T20:10:41.366Z,349,traffic,1,288
2026-05-01T20:10:41.369Z,350,traffic,1,287
2026-05-01T20:10:41.373Z,351,traffic,1,289
2026-05-01T20:10:41.375Z,352,traffic,1,288
2026-05-01T20:10:41.378Z,353,traffic,1,288
2026-05-01T20:10:41.381Z,354,traffic,1,286
2026-05-01T20:10:41.384Z,355,traffic,1,288
2026-05-01T20:10:41.388Z,356,traffic,1,287
2026-05-01T20:10:41.391Z,357,traffic,1,287
2026-05-01T20:10:41.394Z,358,traffic,1,288
2026-05-01T20:10:41.397Z,359,traffic,1,287
2026-05-01T20:10:41.400Z,360,traffic,1,286
2026-05-01T20:10:41.404Z,361,traffic,1,289
2026-05-01T20:10:41.406Z,362,traffic,1,285
2026-05-01T20:10:41.409Z,363,traffic,1,288
2026-05-01T20:10:41.413Z,364,traffic,1,288
2026-05-01T20:10:41.416Z,365,traffic,1,288
2026-05-01T20:10:41.419Z,366,traffic,1,288
2026-05-01T20:10:41.422Z,367,traffic,1,284
2026-05-01T20:10:41.425Z,368,traffic,1,286
2026-05-01T20:10:41.429Z,369,traffic,1,287
2026-05-01T20:10:41.432Z,370,traffic,1,288
2026-05-01T20:10:41.434Z,371,traffic,1,287
2026-05-01T20:10:41.437Z,372,traffic,1,288
2026-05-01T20:10:41.440Z,373,traffic,1,287
2026-05-01T20:10:41.444Z,374,traffic,1,286
2026-05-01T20:10:41.447Z,375,traffic,1,287
2026-05-01T20:10:41.450Z,376,traffic,1,289
2026-05-01T20:10:41.453Z,377,traffic,1,285
2026-05-01T20:10:41.456Z,378,traffic,1,287
2026-05-01T20:10:41.460Z,379,traffic,1,285
2026-05-01T20:10:41.462Z,380,traffic,1,286
2026-05-01T20:10:41.465Z,381,traffic,1,288
2026-05-01T20:10:41.468Z,382,traffic,1,287
2026-05-01T20:10:41.472Z,383,traffic,1,287
2026-05-01T20:10:41.475Z,384,traffic,1,287
2026-05-01T20:10:41.478Z,385,traffic,1,285
2026-05-01T20:10:41.481Z,386,traffic,1,288
2026-05-01T20:10:41.485Z,387,traffic,1,287
2026-05-01T20:10:41.488Z,388,traffic,1,288
2026-05-01T20:10:41.491Z,389,traffic,1,288
2026-05-01T20:10:41.495Z,390,traffic,1,287
2026-05-01T20:10:41.497Z,391,traffic,1,289
2026-05-01T20:10:41.500Z,392,traffic,1,286
2026-05-01T20:10:41.503Z,393,traffic,1,287
2026-05-01T20:10:41.507Z,394,traffic,1,288
2026-05-01T20:10:41.510Z,395,traffic,1,286
2026-05-01T20:10:41.513Z,396,traffic,1,287
2026-05-01T20:10:41.516Z,397,traffic,1,288
2026-05-01T20:10:41.519Z,398,traffic,1,288
2026-05-01T20:10:41.523Z,399,traffic,1,287
2026-05-01T20:10:41.526Z,400,traffic,1,286
2026-05-01T20:10:41.529Z,401,traffic,1,286
2026-05-01T20:10:41.532Z,402,traffic,1,286
2026-05-01T20:10:41.535Z,403,traffic,1,286
2026-05-01T20:10:41.539Z,404,traffic,1,288
2026-05-01T20:10:41.541Z,405,traffic,1,286
2026-05-01T20:10:41.544Z,406,traffic,1,286
2026-05-01T20:10:41.547Z,407,traffic,1,285
2026-05-01T20:10:41.550Z,408,traffic,1,286
2026-05-01T20:10:41.554Z,409,traffic,1,287
2026-05-01T20:10:41.557Z,410,traffic,1,287
2026-05-01T20:10:41.560Z,411,traffic,1,285
2026-05-01T20:10:41.563Z,412,traffic,1,287
2026-05-01T20:10:41.568Z,413,traffic,1,285
2026-05-01T20:10:41.571Z,414,traffic,1,287
2026-05-01T20:10:41.574Z,415,traffic,1,287
2026-05-01T20:10:41.577Z,416,traffic,1,287
2026-05-01T20:10:41.580Z,417,traffic,1,288
2026-05-01T20:10:41.584Z,418,traffic,1,284
2026-05-01T20:10:41.586Z,419,traffic,1,288
2026-05-01T20:10:41.589Z,420,traffic,1,289
2026-05-01T20:10:41.592Z,421,traffic,1,285
2026-05-01T20:10:41.597Z,422,traffic,1,288
2026-05-01T20:10:41.600Z,423,traffic,1,288
2026-05-01T20:10:41.603Z,424,traffic,1,288
2026-05-01T20:10:41.606Z,425,traffic,1,286
2026-05-01T20:10:41.609Z,426,traffic,1,288
2026-05-01T20:10:41.613Z,427,traffic,1,287
2026-05-01T20:10:41.615Z,428,traffic,1,287
2026-05-01T20:10:41.618Z,429,traffic,1,287
2026-05-01T20:10:41.621Z,430,traffic,1,288
2026-05-01T20:10:41.624Z,431,traffic,1,288
2026-05-01T20:10:41.628Z,432,traffic,1,287
2026-05-01T20:10:41.630Z,433,traffic,1,288
2026-05-01T20:10:41.633Z,434,traffic,1,287
2026-05-01T20:10:41.636Z,435,traffic,1,285
2026-05-01T20:10:41.639Z,436,traffic,1,287
2026-05-01T20:10:41.643Z,437,traffic,1,285
2026-05-01T20:10:41.645Z,438,traffic,1,288
2026-05-01T20:10:41.648Z,439,traffic,1,287
2026-05-01T20:10:41.651Z,440,traffic,1,288
2026-05-01T20:10:41.654Z,441,traffic,1,288
2026-05-01T20:10:41.658Z,442,traffic,1,286
2026-05-01T20:10:41.661Z,443,traffic,1,288
2026-05-01T20:10:41.664Z,444,traffic,1,288
2026-05-01T20:10:41.667Z,445,traffic,1,288
2026-05-01T20:10:41.670Z,446,traffic,1,287
2026-05-01T20:10:41.674Z,447,traffic,1,288
2026-05-01T20:10:41.677Z,448,traffic,1,287
2026-05-01T20:10:41.679Z,449,traffic,1,286
2026-05-01T20:10:41.682Z,450,traffic,1,287
2026-05-01T20:10:41.685Z,451,traffic,1,289
2026-05-01T20:10:41.689Z,452,traffic,1,286
2026-05-01T20:10:41.692Z,453,traffic,1,286
2026-05-01T20:10:41.694Z,454,traffic,1,286
2026-05-01T20:10:41.697Z,455,traffic,1,286
2026-05-01T20:10:41.700Z,456,traffic,1,287
2026-05-01T20:10:41.703Z,457,traffic,1,285
2026-05-01T20:10:41.707Z,458,traffic,1,287
2026-05-01T20:10:41.710Z,459,traffic,1,289
2026-05-01T20:10:41.713Z,460,traffic,1,284
2026-05-01T20:10:41.716Z,461,traffic,1,287
2026-05-01T20:10:41.719Z,462,traffic,1,285
2026-05-01T20:10:41.724Z,463,traffic,1,288
2026-05-01T20:10:41.727Z,464,traffic,1,286
2026-05-01T20:10:41.730Z,465,traffic,1,288
2026-05-01T20:10:41.733Z,466,traffic,1,288
2026-05-01T20:10:41.736Z,467,traffic,1,287
2026-05-01T20:10:41.740Z,468,traffic,1,288
2026-05-01T20:10:41.742Z,469,traffic,1,287
2026-05-01T20:10:41.745Z,470,traffic,1,284
2026-05-01T20:10:41.748Z,471,traffic,1,287
2026-05-01T20:10:41.751Z,472,traffic,1,289
2026-05-01T20:10:41.755Z,473,traffic,1,289
2026-05-01T20:10:41.758Z,474,traffic,1,287
2026-05-01T20:10:41.761Z,475,traffic,1,287
2026-05-01T20:10:41.764Z,476,traffic,1,286
2026-05-01T20:10:41.767Z,477,traffic,1,287
2026-05-01T20:10:41.770Z,478,traffic,1,287
2026-05-01T20:10:41.774Z,479,traffic,1,287
2026-05-01T20:10:41.776Z,480,traffic,1,286
2026-05-01T20:10:41.779Z,481,traffic,1,286
2026-05-01T20:10:41.782Z,482,traffic,1,286
2026-05-01T20:10:41.785Z,483,traffic,1,285
2026-05-01T20:10:41.790Z,484,traffic,1,287
2026-05-01T20:10:41.793Z,485,traffic,1,287
2026-05-01T20:10:41.796Z,486,traffic,1,285
2026-05-01T20:10:41.799Z,487,traffic,1,288
2026-05-01T20:10:41.802Z,488,traffic,1,284
2026-05-01T20:10:41.805Z,489,traffic,1,288
2026-05-01T20:10:41.810Z,490,traffic,1,287
2026-05-01T20:10:41.812Z,491,traffic,1,287
2026-05-01T20:10:41.815Z,492,traffic,1,287
2026-05-01T20:10:41.818Z,493,traffic,1,282
2026-05-01T20:10:41.821Z,494,traffic,1,287
2026-05-01T20:10:41.825Z,495,traffic,1,288
2026-05-01T20:10:41.828Z,496,traffic,1,285
2026-05-01T20:10:41.831Z,497,traffic,1,288
2026-05-01T20:10:41.834Z,498,traffic,1,287
2026-05-01T20:10:41.837Z,499,traffic,1,288
2026-05-01T20:10:41.841Z,500,traffic,1,286
2026-05-01T20:10:41.844Z,501,traffic,1,288
2026-05-01T20:10:41.847Z,502,traffic,1,287
2026-05-01T20:10:41.850Z,503,traffic,1,287
2026-05-01T20:10:41.853Z,504,traffic,1,287
2026-05-01T20:10:41.856Z,505,traffic,1,287
2026-05-01T20:10:41.860Z,506,traffic,1,287
2026-05-01T20:10:41.863Z,507,traffic,1,288
2026-05-01T20:10:41.866Z,508,traffic,1,288
2026-05-01T20:10:41.869Z,509,traffic,1,286
2026-05-01T20:10:41.873Z,510,traffic,1,285
2026-05-01T20:10:41.876Z,511,traffic,1,287
2026-05-01T20:10:41.879Z,512,traffic,1,284
2026-05-01T20:10:41.882Z,513,traffic,1,289
2026-05-01T20:10:41.885Z,514,traffic,1,287
2026-05-01T20:10:41.889Z,515,traffic,1,287
2026-05-01T20:10:41.892Z,516,traffic,1,288
2026-05-01T20:10:41.895Z,517,traffic,1,286
2026-05-01T20:10:41.898Z,518,traffic,1,288
2026-05-01T20:10:41.901Z,519,traffic,1,284
2026-05-01T20:10:41.905Z,520,traffic,1,288
2026-05-01T20:10:41.908Z,521,traffic,1,287
2026-05-01T20:10:41.911Z,522,traffic,1,288
2026-05-01T20:10:41.914Z,523,traffic,1,287
2026-05-01T20:10:41.917Z,524,traffic,1,286
2026-05-01T20:10:41.921Z,525,traffic,1,287
2026-05-01T20:10:41.923Z,526,traffic,1,288
2026-05-01T20:10:41.926Z,527,traffic,1,285
2026-05-01T20:10:41.929Z,528,traffic,1,286
2026-05-01T20:10:41.932Z,529,traffic,1,286
2026-05-01T20:10:41.936Z,530,traffic,1,288
2026-05-01T20:10:41.938Z,531,traffic,1,288
2026-05-01T20:10:41.941Z,532,traffic,1,287
2026-05-01T20:10:41.944Z,533,traffic,1,287
2026-05-01T20:10:41.947Z,534,traffic,1,288
2026-05-01T20:10:41.950Z,535,traffic,1,287
2026-05-01T20:10:41.955Z,536,traffic,1,287
2026-05-01T20:10:41.957Z,537,traffic,1,286
2026-05-01T20:10:41.960Z,538,traffic,1,288
2026-05-01T20:10:41.963Z,539,traffic,1,286
2026-05-01T20:10:41.966Z,540,traffic,1,289
2026-05-01T20:10:41.970Z,541,traffic,1,288
2026-05-01T20:10:41.973Z,542,traffic,1,286
2026-05-01T20:10:41.976Z,543,traffic,1,288
2026-05-01T20:10:41.979Z,544,traffic,1,288
2026-05-01T20:10:41.982Z,545,traffic,1,286
2026-05-01T20:10:41.986Z,546,traffic,1,287
2026-05-01T20:10:41.989Z,547,traffic,1,288
2026-05-01T20:10:41.991Z,548,traffic,1,289
2026-05-01T20:10:41.994Z,549,traffic,1,286
2026-05-01T20:10:41.997Z,550,traffic,1,286
2026-05-01T20:10:42.000Z,551,traffic,1,286
2026-05-01T20:10:42.003Z,552,traffic,1,287
2026-05-01T20:10:42.007Z,553,traffic,1,286
2026-05-01T20:10:42.009Z,554,traffic,1,287
2026-05-01T20:10:42.012Z,555,traffic,1,286
2026-05-01T20:10:42.015Z,556,traffic,1,285
2026-05-01T20:10:42.018Z,557,traffic,1,285
2026-05-01T20:10:42.023Z,558,traffic,1,285
2026-05-01T20:10:42.026Z,559,traffic,1,286
2026-05-01T20:10:42.028Z,560,traffic,1,286
2026-05-01T20:10:42.031Z,561,traffic,1,285
2026-05-01T20:10:42.034Z,562,traffic,1,286
2026-05-01T20:10:42.037Z,563,traffic,1,284
2026-05-01T20:10:42.041Z,564,traffic,1,288
2026-05-01T20:10:42.043Z,565,traffic,1,286
2026-05-01T20:10:42.046Z,566,traffic,1,288
2026-05-01T20:10:42.049Z,567,traffic,1,287
2026-05-01T20:10:42.052Z,568,traffic,1,284
2026-05-01T20:10:42.055Z,569,traffic,1,288
2026-05-01T20:10:42.059Z,570,traffic,1,288
2026-05-01T20:10:42.062Z,571,traffic,1,285
2026-05-01T20:10:42.065Z,572,traffic,1,288
2026-05-01T20:10:42.068Z,573,traffic,1,286
2026-05-01T20:10:42.071Z,574,traffic,1,288
2026-05-01T20:10:42.074Z,575,traffic,1,286
2026-05-01T20:10:42.078Z,576,traffic,1,288
2026-05-01T20:10:42.081Z,577,traffic,1,287
2026-05-01T20:10:42.084Z,578,traffic,1,287
2026-05-01T20:10:42.087Z,579,traffic,1,288
2026-05-01T20:10:42.090Z,580,traffic,1,287
2026-05-01T20:10:42.093Z,581,traffic,1,287
2026-05-01T20:10:42.097Z,582,traffic,1,287
2026-05-01T20:10:42.100Z,583,traffic,1,289
2026-05-01T20:10:42.103Z,584,traffic,1,288
2026-05-01T20:10:42.106Z,585,traffic,1,285
2026-05-01T20:10:42.111Z,586,traffic,1,288
2026-05-01T20:10:42.114Z,587,traffic,1,285
2026-05-01T20:10:42.117Z,588,traffic,1,288
2026-05-01T20:10:42.120Z,589,traffic,1,288
2026-05-01T20:10:42.123Z,590,traffic,1,288
2026-05-01T20:10:42.126Z,591,traffic,1,286
2026-05-01T20:10:42.130Z,592,traffic,1,285
2026-05-01T20:10:42.132Z,593,traffic,1,287
2026-05-01T20:10:42.135Z,594,traffic,1,288
2026-05-01T20:10:42.138Z,595,traffic,1,287
2026-05-01T20:10:42.142Z,596,traffic,1,287
2026-05-01T20:10:42.145Z,597,traffic,1,288
2026-05-01T20:10:42.147Z,598,traffic,1,288
2026-05-01T20:10:42.150Z,599,traffic,1,286
2026-05-01T20:10:42.153Z,600,traffic,1,287
2026-05-01T20:10:42.156Z,601,traffic,1,287
2026-05-01T20:10:42.160Z,602,traffic,1,285
2026-05-01T20:10:42.163Z,603,traffic,1,288
2026-05-01T20:10:42.166Z,604,traffic,1,286
2026-05-01T20:10:42.169Z,605,traffic,1,288
2026-05-01T20:10:42.172Z,606,traffic,1,287
2026-05-01T20:10:42.176Z,607,traffic,1,286
2026-05-01T20:10:42.179Z,608,traffic,1,286
2026-05-01T20:10:42.182Z,609,traffic,1,287
2026-05-01T20:10:42.185Z,610,traffic,1,286
2026-05-01T20:10:42.188Z,611,traffic,1,288
2026-05-01T20:10:42.191Z,612,traffic,1,286
2026-05-01T20:10:42.195Z,613,traffic,1,289
2026-05-01T20:10:42.197Z,614,traffic,1,286
2026-05-01T20:10:42.200Z,615,traffic,1,288
2026-05-01T20:10:42.203Z,616,traffic,1,288
2026-05-01T20:10:42.206Z,617,traffic,1,284
2026-05-01T20:10:42.209Z,618,traffic,1,288
2026-05-01T20:10:42.213Z,619,traffic,1,287
2026-05-01T20:10:42.216Z,620,traffic,1,285
2026-05-01T20:10:42.219Z,621,traffic,1,288
2026-05-01T20:10:42.222Z,622,traffic,1,289
2026-05-01T20:10:42.225Z,623,traffic,1,288
2026-05-01T20:10:42.228Z,624,traffic,1,286
2026-05-01T20:10:42.232Z,625,traffic,1,286
2026-05-01T20:10:42.234Z,626,traffic,1,286
2026-05-01T20:10:42.237Z,627,traffic,1,285
2026-05-01T20:10:42.240Z,628,traffic,1,286
2026-05-01T20:10:42.243Z,629,traffic,1,287
2026-05-01T20:10:42.247Z,630,traffic,1,285
2026-05-01T20:10:42.250Z,631,traffic,1,286
2026-05-01T20:10:42.253Z,632,traffic,1,285
2026-05-01T20:10:42.256Z,633,traffic,1,286
2026-05-01T20:10:42.259Z,634,traffic,1,286
2026-05-01T20:10:42.263Z,635,traffic,1,288
2026-05-01T20:10:42.266Z,636,traffic,1,284
2026-05-01T20:10:42.269Z,637,traffic,1,288
2026-05-01T20:10:42.272Z,638,traffic,1,283
2026-05-01T20:10:42.275Z,639,traffic,1,289
2026-05-01T20:10:42.278Z,640,traffic,1,286
2026-05-01T20:10:42.282Z,641,traffic,1,288
2026-05-01T20:10:42.284Z,642,traffic,1,287
2026-05-01T20:10:42.287Z,643,traffic,1,284
2026-05-01T20:10:42.290Z,644,traffic,1,288
2026-05-01T20:10:42.293Z,645,traffic,1,287
2026-05-01T20:10:42.297Z,646,traffic,1,285
2026-05-01T20:10:42.299Z,647,traffic,1,287
2026-05-01T20:10:42.302Z,648,traffic,1,287
2026-05-01T20:10:42.305Z,649,traffic,1,288
2026-05-01T20:10:42.308Z,650,traffic,1,287
2026-05-01T20:10:42.312Z,651,traffic,1,288
2026-05-01T20:10:42.315Z,652,traffic,1,287
2026-05-01T20:10:42.318Z,653,traffic,1,287
2026-05-01T20:10:42.321Z,654,traffic,1,287
2026-05-01T20:10:42.324Z,655,traffic,1,288
2026-05-01T20:10:42.327Z,656,traffic,1,288
2026-05-01T20:10:42.331Z,657,traffic,1,285
2026-05-01T20:10:42.334Z,658,traffic,1,288
2026-05-01T20:10:42.337Z,659,traffic,1,287
2026-05-01T20:10:42.340Z,660,traffic,1,286
2026-05-01T20:10:42.343Z,661,traffic,1,289
2026-05-01T20:10:42.347Z,662,traffic,1,284
2026-05-01T20:10:42.351Z,663,traffic,1,288
2026-05-01T20:10:42.354Z,664,traffic,1,287
2026-05-01T20:10:42.357Z,665,traffic,1,286
2026-05-01T20:10:42.361Z,666,traffic,1,287
2026-05-01T20:10:42.364Z,667,traffic,1,286
2026-05-01T20:10:42.367Z,668,traffic,1,284
2026-05-01T20:10:42.370Z,669,traffic,1,287
2026-05-01T20:10:42.374Z,670,traffic,1,288
2026-05-01T20:10:42.376Z,671,traffic,1,287
2026-05-01T20:10:42.379Z,672,traffic,1,288
2026-05-01T20:10:42.382Z,673,traffic,1,288
2026-05-01T20:10:42.385Z,674,traffic,1,286
2026-05-01T20:10:42.389Z,675,traffic,1,288
2026-05-01T20:10:42.392Z,676,traffic,1,288
2026-05-01T20:10:42.395Z,677,traffic,1,284
2026-05-01T20:10:42.398Z,678,traffic,1,287
2026-05-01T20:10:42.401Z,679,traffic,1,286
2026-05-01T20:10:42.406Z,680,traffic,1,287
2026-05-01T20:10:42.408Z,681,traffic,1,288
2026-05-01T20:10:42.411Z,682,traffic,1,285
2026-05-01T20:10:42.414Z,683,traffic,1,286
2026-05-01T20:10:42.418Z,684,traffic,1,289
2026-05-01T20:10:42.421Z,685,traffic,1,286
2026-05-01T20:10:42.424Z,686,traffic,1,287
2026-05-01T20:10:42.427Z,687,traffic,1,286
2026-05-01T20:10:42.430Z,688,traffic,1,287
2026-05-01T20:10:42.433Z,689,traffic,1,287
2026-05-01T20:10:42.438Z,690,traffic,1,285
2026-05-01T20:10:42.440Z,691,traffic,1,287
2026-05-01T20:10:42.443Z,692,traffic,1,287
2026-05-01T20:10:42.446Z,693,traffic,1,288
2026-05-01T20:10:42.449Z,694,traffic,1,287
2026-05-01T20:10:42.453Z,695,traffic,1,285
2026-05-01T20:10:42.456Z,696,traffic,1,287
2026-05-01T20:10:42.459Z,697,traffic,1,288
2026-05-01T20:10:42.462Z,698,traffic,1,288
2026-05-01T20:10:42.465Z,699,traffic,1,288
2026-05-01T20:10:42.469Z,700,traffic,1,286
2026-05-01T20:10:42.471Z,701,traffic,1,286
2026-05-01T20:10:42.474Z,702,traffic,1,286
2026-05-01T20:10:42.477Z,703,traffic,1,286
2026-05-01T20:10:42.480Z,704,traffic,1,287
2026-05-01T20:10:42.484Z,705,traffic,1,286
2026-05-01T20:10:42.487Z,706,traffic,1,287
2026-05-01T20:10:42.489Z,707,traffic,1,286
2026-05-01T20:10:42.492Z,708,traffic,1,286
2026-05-01T20:10:42.495Z,709,traffic,1,287
2026-05-01T20:10:42.498Z,710,traffic,1,288
2026-05-01T20:10:42.502Z,711,traffic,1,285
2026-05-01T20:10:42.505Z,712,traffic,1,287
2026-05-01T20:10:42.508Z,713,traffic,1,285
2026-05-01T20:10:42.511Z,714,traffic,1,289
2026-05-01T20:10:42.514Z,715,traffic,1,288
2026-05-01T20:10:42.518Z,716,traffic,1,288
2026-05-01T20:10:42.520Z,717,traffic,1,287
2026-05-01T20:10:42.523Z,718,traffic,1,284
2026-05-01T20:10:42.527Z,719,traffic,1,288
2026-05-01T20:10:42.530Z,720,traffic,1,288
2026-05-01T20:10:42.532Z,721,traffic,1,283
2026-05-01T20:10:42.535Z,722,traffic,1,289
2026-05-01T20:10:42.538Z,723,traffic,1,287
2026-05-01T20:10:42.542Z,724,traffic,1,288
2026-05-01T20:10:42.545Z,725,traffic,1,285
2026-05-01T20:10:42.548Z,726,traffic,1,289
2026-05-01T20:10:42.551Z,727,traffic,1,287
2026-05-01T20:10:42.554Z,728,traffic,1,288
2026-05-01T20:10:42.557Z,729,traffic,1,287
2026-05-01T20:10:42.560Z,730,traffic,1,288
2026-05-01T20:10:42.564Z,731,traffic,1,287
2026-05-01T20:10:42.567Z,732,traffic,1,288
2026-05-01T20:10:42.571Z,733,traffic,1,289
2026-05-01T20:10:42.574Z,734,traffic,1,287
2026-05-01T20:10:42.577Z,735,traffic,1,284
2026-05-01T20:10:42.580Z,736,traffic,1,288
2026-05-01T20:10:42.583Z,737,traffic,1,283
2026-05-01T20:10:42.586Z,738,traffic,1,288
2026-05-01T20:10:42.590Z,739,traffic,1,287
2026-05-01T20:10:42.592Z,740,traffic,1,288
2026-05-01T20:10:42.595Z,741,traffic,1,288
2026-05-01T20:10:42.598Z,742,traffic,1,286
2026-05-01T20:10:42.601Z,743,traffic,1,286
2026-05-01T20:10:42.605Z,744,traffic,1,287
2026-05-01T20:10:42.607Z,745,traffic,1,288
2026-05-01T20:10:42.610Z,746,traffic,1,288
2026-05-01T20:10:42.613Z,747,traffic,1,288
2026-05-01T20:10:42.616Z,748,traffic,1,287
2026-05-01T20:10:42.619Z,749,traffic,1,286
2026-05-01T20:10:42.623Z,750,traffic,1,287
2026-05-01T20:10:42.625Z,751,traffic,1,288
2026-05-01T20:10:42.628Z,752,traffic,1,284
2026-05-01T20:10:42.631Z,753,traffic,1,287
2026-05-01T20:10:42.634Z,754,traffic,1,286
2026-05-01T20:10:42.638Z,755,traffic,1,287
2026-05-01T20:10:42.641Z,756,traffic,1,287
2026-05-01T20:10:42.644Z,757,traffic,1,285
2026-05-01T20:10:42.647Z,758,traffic,1,288
2026-05-01T20:10:42.651Z,759,traffic,1,288
2026-05-01T20:10:42.654Z,760,traffic,1,285
2026-05-01T20:10:42.657Z,761,traffic,1,287
2026-05-01T20:10:42.660Z,762,traffic,1,286
2026-05-01T20:10:42.663Z,763,traffic,1,289
2026-05-01T20:10:42.666Z,764,traffic,1,285
2026-05-01T20:10:42.670Z,765,traffic,1,288
2026-05-01T20:10:42.673Z,766,traffic,1,287
2026-05-01T20:10:42.675Z,767,traffic,1,286
2026-05-01T20:10:42.678Z,768,traffic,1,289
2026-05-01T20:10:42.681Z,769,traffic,1,286
2026-05-01T20:10:42.684Z,770,traffic,1,286
2026-05-01T20:10:42.687Z,771,traffic,1,288
2026-05-01T20:10:42.691Z,772,traffic,1,289
2026-05-01T20:10:42.694Z,773,traffic,1,288
2026-05-01T20:10:42.697Z,774,traffic,1,287
2026-05-01T20:10:42.700Z,775,traffic,1,286
2026-05-01T20:10:42.703Z,776,traffic,1,286
2026-05-01T20:10:42.707Z,777,traffic,1,286
2026-05-01T20:10:42.709Z,778,traffic,1,287
2026-05-01T20:10:42.712Z,779,traffic,1,287
2026-05-01T20:10:42.715Z,780,traffic,1,286
2026-05-01T20:10:42.718Z,781,traffic,1,286
2026-05-01T20:10:42.721Z,782,traffic,1,286
2026-05-01T20:10:42.725Z,783,traffic,1,286
2026-05-01T20:10:42.727Z,784,traffic,1,287
2026-05-01T20:10:42.730Z,785,traffic,1,288
2026-05-01T20:10:42.733Z,786,traffic,1,285
2026-05-01T20:10:42.736Z,787,traffic,1,288
2026-05-01T20:10:42.740Z,788,traffic,1,285
2026-05-01T20:10:42.742Z,789,traffic,1,285
2026-05-01T20:10:42.745Z,790,traffic,1,288
2026-05-01T20:10:42.748Z,791,traffic,1,286
2026-05-01T20:10:42.751Z,792,traffic,1,288
2026-05-01T20:10:42.755Z,793,traffic,1,285
2026-05-01T20:10:42.757Z,794,traffic,1,289
2026-05-01T20:10:42.760Z,795,traffic,1,287
2026-05-01T20:10:42.763Z,796,traffic,1,285
2026-05-01T20:10:42.766Z,797,traffic,1,289
2026-05-01T20:10:42.770Z,798,traffic,1,287
2026-05-01T20:10:42.772Z,799,traffic,1,288
2026-05-01T20:10:42.775Z,800,traffic,1,286
2026-05-01T20:10:42.778Z,801,traffic,1,287
2026-05-01T20:10:42.782Z,802,traffic,1,287
2026-05-01T20:10:42.784Z,803,traffic,1,287
2026-05-01T20:10:42.787Z,804,traffic,1,287
2026-05-01T20:10:42.790Z,805,traffic,1,288
2026-05-01T20:10:42.793Z,806,traffic,1,287
2026-05-01T20:10:42.797Z,807,traffic,1,287
2026-05-01T20:10:42.799Z,808,traffic,1,288
2026-05-01T20:10:42.802Z,809,traffic,1,288
2026-05-01T20:10:42.805Z,810,traffic,1,285
2026-05-01T20:10:42.808Z,811,traffic,1,287
2026-05-01T20:10:42.812Z,812,traffic,1,285
2026-05-01T20:10:42.814Z,813,traffic,1,289
2026-05-01T20:10:42.817Z,814,traffic,1,287
2026-05-01T20:10:42.820Z,815,traffic,1,289
2026-05-01T20:10:42.824Z,816,traffic,1,288
2026-05-01T20:10:42.826Z,817,traffic,1,286
2026-05-01T20:10:42.829Z,818,traffic,1,287
2026-05-01T20:10:42.833Z,819,traffic,1,286
2026-05-01T20:10:42.835Z,820,traffic,1,287
2026-05-01T20:10:42.838Z,821,traffic,1,288
2026-05-01T20:10:42.842Z,822,traffic,1,289
2026-05-01T20:10:42.845Z,823,traffic,1,286
2026-05-01T20:10:42.848Z,824,traffic,1,286
2026-05-01T20:10:42.851Z,825,traffic,1,287
2026-05-01T20:10:42.854Z,826,traffic,1,289
2026-05-01T20:10:42.857Z,827,traffic,1,285
2026-05-01T20:10:42.860Z,828,traffic,1,287
2026-05-01T20:10:42.863Z,829,traffic,1,286
2026-05-01T20:10:42.867Z,830,traffic,1,287
2026-05-01T20:10:42.870Z,831,traffic,1,286
2026-05-01T20:10:42.872Z,832,traffic,1,286
2026-05-01T20:10:42.875Z,833,traffic,1,286
2026-05-01T20:10:42.878Z,834,traffic,1,288
2026-05-01T20:10:42.881Z,835,traffic,1,286
2026-05-01T20:10:42.885Z,836,traffic,1,288
2026-05-01T20:10:42.888Z,837,traffic,1,285
2026-05-01T20:10:42.890Z,838,traffic,1,288
2026-05-01T20:10:42.893Z,839,traffic,1,287
2026-05-01T20:10:42.896Z,840,traffic,1,289
2026-05-01T20:10:42.899Z,841,traffic,1,289
2026-05-01T20:10:42.903Z,842,traffic,1,286
2026-05-01T20:10:42.906Z,843,traffic,1,288
2026-05-01T20:10:42.908Z,844,traffic,1,288
2026-05-01T20:10:42.911Z,845,traffic,1,285
2026-05-01T20:10:42.914Z,846,traffic,1,287
2026-05-01T20:10:42.917Z,847,traffic,1,288
2026-05-01T20:10:42.920Z,848,traffic,1,288
2026-05-01T20:10:42.924Z,849,traffic,1,287
2026-05-01T20:10:42.926Z,850,traffic,1,287
2026-05-01T20:10:42.929Z,851,traffic,1,286
2026-05-01T20:10:42.932Z,852,traffic,1,286
2026-05-01T20:10:42.935Z,853,traffic,1,285
2026-05-01T20:10:42.939Z,854,traffic,1,287
2026-05-01T20:10:42.942Z,855,traffic,1,284
2026-05-01T20:10:42.945Z,856,traffic,1,287
2026-05-01T20:10:42.948Z,857,traffic,1,287
2026-05-01T20:10:42.951Z,858,traffic,1,286
2026-05-01T20:10:42.954Z,859,traffic,1,287
2026-05-01T20:10:42.958Z,860,traffic,1,288
2026-05-01T20:10:42.961Z,861,traffic,1,286
2026-05-01T20:10:42.964Z,862,traffic,1,286
2026-05-01T20:10:42.967Z,863,traffic,1,284
2026-05-01T20:10:42.970Z,864,traffic,1,288
2026-05-01T20:10:42.973Z,865,traffic,1,287
2026-05-01T20:10:42.977Z,866,traffic,1,287
2026-05-01T20:10:42.980Z,867,traffic,1,288
2026-05-01T20:10:42.982Z,868,traffic,1,285
2026-05-01T20:10:42.985Z,869,traffic,1,289
2026-05-01T20:10:42.988Z,870,traffic,1,289
2026-05-01T20:10:42.992Z,871,traffic,1,286
2026-05-01T20:10:42.995Z,872,traffic,1,287
2026-05-01T20:10:42.998Z,873,traffic,1,287
2026-05-01T20:10:43.001Z,874,traffic,1,288
2026-05-01T20:10:43.004Z,875,traffic,1,283
2026-05-01T20:10:43.007Z,876,traffic,1,288
2026-05-01T20:10:43.011Z,877,traffic,1,287
2026-05-01T20:10:43.013Z,878,traffic,1,288
2026-05-01T20:10:43.016Z,879,traffic,1,287
2026-05-01T20:10:43.019Z,880,traffic,1,288
2026-05-01T20:10:43.022Z,881,traffic,1,288
2026-05-01T20:10:43.026Z,882,traffic,1,287
2026-05-01T20:10:43.029Z,883,traffic,1,289
2026-05-01T20:10:43.032Z,884,traffic,1,285
2026-05-01T20:10:43.035Z,885,traffic,1,285
2026-05-01T20:10:43.038Z,886,traffic,1,288
2026-05-01T20:10:43.041Z,887,traffic,1,285
2026-05-01T20:10:43.045Z,888,traffic,1,288
2026-05-01T20:10:43.048Z,889,traffic,1,287
2026-05-01T20:10:43.050Z,890,traffic,1,289
2026-05-01T20:10:43.053Z,891,traffic,1,288
2026-05-01T20:10:43.056Z,892,traffic,1,286
2026-05-01T20:10:43.059Z,893,traffic,1,287
2026-05-01T20:10:43.063Z,894,traffic,1,287
2026-05-01T20:10:43.066Z,895,traffic,1,288
2026-05-01T20:10:43.069Z,896,traffic,1,287
2026-05-01T20:10:43.072Z,897,traffic,1,288
2026-05-01T20:10:43.075Z,898,traffic,1,287
2026-05-01T20:10:43.078Z,899,traffic,1,284
2026-05-01T20:10:43.082Z,900,traffic,1,287
2026-05-01T20:10:43.085Z,901,traffic,1,289
2026-05-01T20:10:43.088Z,902,traffic,1,285
2026-05-01T20:10:43.091Z,903,traffic,1,287
2026-05-01T20:10:43.094Z,904,traffic,1,284
2026-05-01T20:10:43.097Z,905,traffic,1,288
2026-05-01T20:10:43.101Z,906,traffic,1,287
2026-05-01T20:10:43.104Z,907,traffic,1,287
2026-05-01T20:10:43.107Z,908,traffic,1,287
2026-05-01T20:10:43.110Z,909,traffic,1,289
2026-05-01T20:10:43.113Z,910,traffic,1,287
2026-05-01T20:10:43.116Z,911,traffic,1,287
2026-05-01T20:10:43.120Z,912,traffic,1,286
2026-05-01T20:10:43.122Z,913,traffic,1,289
2026-05-01T20:10:43.125Z,914,traffic,1,285
2026-05-01T20:10:43.128Z,915,traffic,1,289
2026-05-01T20:10:43.131Z,916,traffic,1,289
2026-05-01T20:10:43.135Z,917,traffic,1,287
2026-05-01T20:10:43.137Z,918,traffic,1,287
2026-05-01T20:10:43.140Z,919,traffic,1,287
2026-05-01T20:10:43.143Z,920,traffic,1,284
2026-05-01T20:10:43.146Z,921,traffic,1,287
2026-05-01T20:10:43.149Z,922,traffic,1,289
2026-05-01T20:10:43.153Z,923,traffic,1,289
2026-05-01T20:10:43.155Z,924,traffic,1,287
2026-05-01T20:10:43.158Z,925,traffic,1,286
2026-05-01T20:10:43.161Z,926,traffic,1,285
2026-05-01T20:10:43.164Z,927,traffic,1,286
2026-05-01T20:10:43.167Z,928,traffic,1,286
2026-05-01T20:10:43.171Z,929,traffic,1,287
2026-05-01T20:10:43.173Z,930,traffic,1,286
2026-05-01T20:10:43.176Z,931,traffic,1,286
2026-05-01T20:10:43.179Z,932,traffic,1,286
2026-05-01T20:10:43.182Z,933,traffic,1,286
2026-05-01T20:10:43.185Z,934,traffic,1,288
2026-05-01T20:10:43.189Z,935,traffic,1,288
2026-05-01T20:10:43.191Z,936,traffic,1,284
2026-05-01T20:10:43.194Z,937,traffic,1,288
2026-05-01T20:10:43.197Z,938,traffic,1,283
2026-05-01T20:10:43.200Z,939,traffic,1,288
2026-05-01T20:10:43.204Z,940,traffic,1,287
2026-05-01T20:10:43.207Z,941,traffic,1,287
2026-05-01T20:10:43.209Z,942,traffic,1,287
2026-05-01T20:10:43.212Z,943,traffic,1,284
2026-05-01T20:10:43.215Z,944,traffic,1,289
2026-05-01T20:10:43.218Z,945,traffic,1,288
2026-05-01T20:10:43.222Z,946,traffic,1,286
2026-05-01T20:10:43.225Z,947,traffic,1,288
2026-05-01T20:10:43.227Z,948,traffic,1,288
2026-05-01T20:10:43.230Z,949,traffic,1,287
2026-05-01T20:10:43.233Z,950,traffic,1,285
2026-05-01T20:10:43.236Z,951,traffic,1,288
2026-05-01T20:10:43.240Z,952,traffic,1,287
2026-05-01T20:10:43.242Z,953,traffic,1,287
2026-05-01T20:10:43.245Z,954,traffic,1,288
2026-05-01T20:10:43.248Z,955,traffic,1,288
2026-05-01T20:10:43.251Z,956,traffic,1,285
2026-05-01T20:10:43.254Z,957,traffic,1,288
2026-05-01T20:10:43.258Z,958,traffic,1,287
2026-05-01T20:10:43.260Z,959,traffic,1,288
2026-05-01T20:10:43.263Z,960,traffic,1,286
2026-05-01T20:10:43.266Z,961,traffic,1,289
2026-05-01T20:10:43.269Z,962,traffic,1,286
