iso,elapsed_s,client_id,event,state,msgs_total,silent_s
2026-05-01T20:12:05.695Z,0.1,0,open,OPEN,0,0.0
2026-05-01T20:12:05.696Z,0.1,1,open,OPEN,0,0.0
2026-05-01T20:12:05.697Z,0.1,2,open,OPEN,0,0.0
2026-05-01T20:12:05.697Z,0.1,3,open,OPEN,0,0.0
2026-05-01T20:12:05.697Z,0.1,4,open,OPEN,0,0.0
2026-05-01T20:12:05.698Z,0.1,7,open,OPEN,0,0.0
2026-05-01T20:12:05.698Z,0.1,6,open,OPEN,0,0.0
2026-05-01T20:12:05.699Z,0.1,5,open,OPEN,0,0.0
2026-05-01T20:12:35.631Z,30.0,0,heartbeat,OPEN,266,0.3
2026-05-01T20:12:35.631Z,30.0,1,heartbeat,OPEN,266,0.3
2026-05-01T20:12:35.631Z,30.0,2,heartbeat,OPEN,266,0.3
2026-05-01T20:12:35.631Z,30.0,3,heartbeat,OPEN,266,0.3
2026-05-01T20:12:35.631Z,30.0,4,heartbeat,OPEN,266,0.3
2026-05-01T20:12:35.631Z,30.0,5,heartbeat,OPEN,266,0.3
2026-05-01T20:12:35.631Z,30.0,6,heartbeat,OPEN,266,0.3
2026-05-01T20:12:35.631Z,30.0,7,heartbeat,OPEN,266,0.3
2026-05-01T20:13:05.631Z,60.0,0,heartbeat,OPEN,416,0.2
2026-05-01T20:13:05.631Z,60.0,1,heartbeat,OPEN,416,0.2
2026-05-01T20:13:05.631Z,60.0,2,heartbeat,OPEN,416,0.2
2026-05-01T20:13:05.631Z,60.0,3,heartbeat,OPEN,416,0.2
2026-05-01T20:13:05.631Z,60.0,4,heartbeat,OPEN,416,0.2
2026-05-01T20:13:05.631Z,60.0,5,heartbeat,OPEN,416,0.2
2026-05-01T20:13:05.631Z,60.0,6,heartbeat,OPEN,416,0.2
2026-05-01T20:13:05.631Z,60.0,7,heartbeat,OPEN,416,0.2
2026-05-01T20:13:35.632Z,90.0,0,heartbeat,OPEN,631,0.1
2026-05-01T20:13:35.632Z,90.0,1,heartbeat,OPEN,631,0.1
2026-05-01T20:13:35.632Z,90.0,2,heartbeat,OPEN,631,0.1
2026-05-01T20:13:35.632Z,90.0,3,heartbeat,OPEN,631,0.1
2026-05-01T20:13:35.632Z,90.0,4,heartbeat,OPEN,631,0.1
2026-05-01T20:13:35.632Z,90.0,5,heartbeat,OPEN,631,0.1
2026-05-01T20:13:35.632Z,90.0,6,heartbeat,OPEN,631,0.1
2026-05-01T20:13:35.632Z,90.0,7,heartbeat,OPEN,631,0.1
2026-05-01T20:14:05.632Z,120.0,0,heartbeat,OPEN,1119,0.1
2026-05-01T20:14:05.632Z,120.0,1,heartbeat,OPEN,1119,0.1
2026-05-01T20:14:05.632Z,120.0,2,heartbeat,OPEN,1119,0.1
2026-05-01T20:14:05.632Z,120.0,3,heartbeat,OPEN,1119,0.1
2026-05-01T20:14:05.632Z,120.0,4,heartbeat,OPEN,1119,0.1
2026-05-01T20:14:05.632Z,120.0,5,heartbeat,OPEN,1119,0.1
2026-05-01T20:14:05.632Z,120.0,6,heartbeat,OPEN,1119,0.1
2026-05-01T20:14:05.632Z,120.0,7,heartbeat,OPEN,1119,0.1
2026-05-01T20:14:35.633Z,150.0,0,heartbeat,OPEN,1561,0.1
2026-05-01T20:14:35.633Z,150.0,1,heartbeat,OPEN,1561,0.1
2026-05-01T20:14:35.633Z,150.0,2,heartbeat,OPEN,1561,0.1
2026-05-01T20:14:35.633Z,150.0,3,heartbeat,OPEN,1561,0.1
2026-05-01T20:14:35.633Z,150.0,4,heartbeat,OPEN,1561,0.1
2026-05-01T20:14:35.633Z,150.0,5,heartbeat,OPEN,1561,0.1
2026-05-01T20:14:35.633Z,150.0,6,heartbeat,OPEN,1561,0.1
2026-05-01T20:14:35.633Z,150.0,7,heartbeat,OPEN,1561,0.1
2026-05-01T20:15:05.633Z,180.0,0,heartbeat,OPEN,1840,0.3
2026-05-01T20:15:05.633Z,180.0,1,heartbeat,OPEN,1840,0.3
2026-05-01T20:15:05.633Z,180.0,2,heartbeat,OPEN,1840,0.3
2026-05-01T20:15:05.633Z,180.0,3,heartbeat,OPEN,1840,0.3
2026-05-01T20:15:05.633Z,180.0,4,heartbeat,OPEN,1840,0.3
2026-05-01T20:15:05.633Z,180.0,5,heartbeat,OPEN,1840,0.3
2026-05-01T20:15:05.633Z,180.0,6,heartbeat,OPEN,1840,0.3
2026-05-01T20:15:05.633Z,180.0,7,heartbeat,OPEN,1840,0.3
2026-05-01T20:15:35.633Z,210.0,0,heartbeat,OPEN,2195,0.0
2026-05-01T20:15:35.633Z,210.0,1,heartbeat,OPEN,2195,0.0
2026-05-01T20:15:35.633Z,210.0,2,heartbeat,OPEN,2195,0.0
2026-05-01T20:15:35.633Z,210.0,3,heartbeat,OPEN,2195,0.0
2026-05-01T20:15:35.633Z,210.0,4,heartbeat,OPEN,2195,0.0
2026-05-01T20:15:35.633Z,210.0,5,heartbeat,OPEN,2195,0.0
2026-05-01T20:15:35.633Z,210.0,6,heartbeat,OPEN,2195,0.0
2026-05-01T20:15:35.633Z,210.0,7,heartbeat,OPEN,2195,0.0
2026-05-01T20:16:05.633Z,240.0,0,heartbeat,OPEN,2757,0.0
2026-05-01T20:16:05.633Z,240.0,1,heartbeat,OPEN,2757,0.0
2026-05-01T20:16:05.633Z,240.0,2,heartbeat,OPEN,2757,0.0
2026-05-01T20:16:05.633Z,240.0,3,heartbeat,OPEN,2757,0.0
2026-05-01T20:16:05.633Z,240.0,4,heartbeat,OPEN,2757,0.0
2026-05-01T20:16:05.633Z,240.0,5,heartbeat,OPEN,2757,0.0
2026-05-01T20:16:05.633Z,240.0,6,heartbeat,OPEN,2757,0.0
2026-05-01T20:16:05.633Z,240.0,7,heartbeat,OPEN,2757,0.0
2026-05-01T20:16:35.633Z,270.0,0,heartbeat,OPEN,3195,0.1
2026-05-01T20:16:35.633Z,270.0,1,heartbeat,OPEN,3195,0.1
2026-05-01T20:16:35.633Z,270.0,2,heartbeat,OPEN,3195,0.1
2026-05-01T20:16:35.633Z,270.0,3,heartbeat,OPEN,3195,0.1
2026-05-01T20:16:35.633Z,270.0,4,heartbeat,OPEN,3195,0.1
2026-05-01T20:16:35.633Z,270.0,5,heartbeat,OPEN,3195,0.1
2026-05-01T20:16:35.633Z,270.0,6,heartbeat,OPEN,3195,0.1
2026-05-01T20:16:35.633Z,270.0,7,heartbeat,OPEN,3195,0.1
2026-05-01T20:17:05.634Z,300.0,0,heartbeat,OPEN,3543,0.1
2026-05-01T20:17:05.634Z,300.0,1,heartbeat,OPEN,3543,0.1
2026-05-01T20:17:05.634Z,300.0,2,heartbeat,OPEN,3543,0.1
2026-05-01T20:17:05.634Z,300.0,3,heartbeat,OPEN,3543,0.1
2026-05-01T20:17:05.634Z,300.0,4,heartbeat,OPEN,3543,0.1
2026-05-01T20:17:05.634Z,300.0,5,heartbeat,OPEN,3543,0.1
2026-05-01T20:17:05.634Z,300.0,6,heartbeat,OPEN,3543,0.1
2026-05-01T20:17:05.634Z,300.0,7,heartbeat,OPEN,3543,0.1
2026-05-01T20:17:35.634Z,330.0,0,heartbeat,OPEN,4126,0.1
2026-05-01T20:17:35.634Z,330.0,1,heartbeat,OPEN,4126,0.1
2026-05-01T20:17:35.634Z,330.0,2,heartbeat,OPEN,4126,0.1
2026-05-01T20:17:35.634Z,330.0,3,heartbeat,OPEN,4126,0.1
2026-05-01T20:17:35.634Z,330.0,4,heartbeat,OPEN,4126,0.1
2026-05-01T20:17:35.634Z,330.0,5,heartbeat,OPEN,4126,0.1
2026-05-01T20:17:35.634Z,330.0,6,heartbeat,OPEN,4126,0.1
2026-05-01T20:17:35.634Z,330.0,7,heartbeat,OPEN,4126,0.1
2026-05-01T20:18:05.634Z,360.0,0,heartbeat,OPEN,4722,0.2
2026-05-01T20:18:05.634Z,360.0,1,heartbeat,OPEN,4722,0.2
2026-05-01T20:18:05.634Z,360.0,2,heartbeat,OPEN,4722,0.2
2026-05-01T20:18:05.634Z,360.0,3,heartbeat,OPEN,4722,0.2
2026-05-01T20:18:05.634Z,360.0,4,heartbeat,OPEN,4722,0.2
2026-05-01T20:18:05.634Z,360.0,5,heartbeat,OPEN,4722,0.2
2026-05-01T20:18:05.634Z,360.0,6,heartbeat,OPEN,4722,0.2
2026-05-01T20:18:05.634Z,360.0,7,heartbeat,OPEN,4722,0.2
2026-05-01T20:18:35.635Z,390.0,0,heartbeat,OPEN,5179,0.3
2026-05-01T20:18:35.635Z,390.0,1,heartbeat,OPEN,5179,0.3
2026-05-01T20:18:35.635Z,390.0,2,heartbeat,OPEN,5179,0.3
2026-05-01T20:18:35.635Z,390.0,3,heartbeat,OPEN,5179,0.3
2026-05-01T20:18:35.635Z,390.0,4,heartbeat,OPEN,5179,0.3
2026-05-01T20:18:35.635Z,390.0,5,heartbeat,OPEN,5179,0.3
2026-05-01T20:18:35.635Z,390.0,6,heartbeat,OPEN,5179,0.3
2026-05-01T20:18:35.635Z,390.0,7,heartbeat,OPEN,5179,0.3
2026-05-01T20:19:05.635Z,420.0,0,heartbeat,OPEN,5604,0.2
2026-05-01T20:19:05.635Z,420.0,1,heartbeat,OPEN,5604,0.2
2026-05-01T20:19:05.635Z,420.0,2,heartbeat,OPEN,5604,0.2
2026-05-01T20:19:05.635Z,420.0,3,heartbeat,OPEN,5604,0.2
2026-05-01T20:19:05.635Z,420.0,4,heartbeat,OPEN,5604,0.2
2026-05-01T20:19:05.635Z,420.0,5,heartbeat,OPEN,5604,0.2
2026-05-01T20:19:05.635Z,420.0,6,heartbeat,OPEN,5604,0.2
2026-05-01T20:19:05.635Z,420.0,7,heartbeat,OPEN,5604,0.2
2026-05-01T20:19:35.636Z,450.0,0,heartbeat,OPEN,5963,0.2
2026-05-01T20:19:35.636Z,450.0,1,heartbeat,OPEN,5963,0.2
2026-05-01T20:19:35.636Z,450.0,2,heartbeat,OPEN,5963,0.2
2026-05-01T20:19:35.636Z,450.0,3,heartbeat,OPEN,5963,0.2
2026-05-01T20:19:35.636Z,450.0,4,heartbeat,OPEN,5963,0.2
2026-05-01T20:19:35.636Z,450.0,5,heartbeat,OPEN,5963,0.2
2026-05-01T20:19:35.636Z,450.0,6,heartbeat,OPEN,5963,0.2
2026-05-01T20:19:35.636Z,450.0,7,heartbeat,OPEN,5963,0.2
2026-05-01T20:20:05.637Z,480.0,0,heartbeat,OPEN,6251,0.2
2026-05-01T20:20:05.637Z,480.0,1,heartbeat,OPEN,6251,0.2
2026-05-01T20:20:05.637Z,480.0,2,heartbeat,OPEN,6251,0.2
2026-05-01T20:20:05.637Z,480.0,3,heartbeat,OPEN,6251,0.2
2026-05-01T20:20:05.637Z,480.0,4,heartbeat,OPEN,6251,0.2
2026-05-01T20:20:05.637Z,480.0,5,heartbeat,OPEN,6251,0.2
2026-05-01T20:20:05.637Z,480.0,6,heartbeat,OPEN,6251,0.1
2026-05-01T20:20:05.637Z,480.0,7,heartbeat,OPEN,6251,0.2
2026-05-01T20:20:35.639Z,510.0,0,heartbeat,OPEN,6586,0.3
2026-05-01T20:20:35.639Z,510.0,1,heartbeat,OPEN,6586,0.3
2026-05-01T20:20:35.639Z,510.0,2,heartbeat,OPEN,6586,0.3
2026-05-01T20:20:35.639Z,510.0,3,heartbeat,OPEN,6586,0.3
2026-05-01T20:20:35.639Z,510.0,4,heartbeat,OPEN,6586,0.3
2026-05-01T20:20:35.639Z,510.0,5,heartbeat,OPEN,6586,0.3
2026-05-01T20:20:35.639Z,510.0,6,heartbeat,OPEN,6586,0.3
2026-05-01T20:20:35.639Z,510.0,7,heartbeat,OPEN,6586,0.3
2026-05-01T20:21:05.640Z,540.0,0,heartbeat,OPEN,6987,0.1
2026-05-01T20:21:05.640Z,540.0,1,heartbeat,OPEN,6987,0.1
2026-05-01T20:21:05.640Z,540.0,2,heartbeat,OPEN,6987,0.1
2026-05-01T20:21:05.640Z,540.0,3,heartbeat,OPEN,6987,0.1
2026-05-01T20:21:05.640Z,540.0,4,heartbeat,OPEN,6987,0.1
2026-05-01T20:21:05.640Z,540.0,5,heartbeat,OPEN,6987,0.1
2026-05-01T20:21:05.640Z,540.0,6,heartbeat,OPEN,6987,0.1
2026-05-01T20:21:05.640Z,540.0,7,heartbeat,OPEN,6987,0.1
2026-05-01T20:21:35.641Z,570.0,0,heartbeat,OPEN,7441,0.0
2026-05-01T20:21:35.642Z,570.0,1,heartbeat,OPEN,7441,0.0
2026-05-01T20:21:35.642Z,570.0,2,heartbeat,OPEN,7441,0.0
2026-05-01T20:21:35.642Z,570.0,3,heartbeat,OPEN,7441,0.0
2026-05-01T20:21:35.642Z,570.0,4,heartbeat,OPEN,7441,0.0
2026-05-01T20:21:35.642Z,570.0,5,heartbeat,OPEN,7441,0.0
2026-05-01T20:21:35.642Z,570.0,6,heartbeat,OPEN,7441,0.0
2026-05-01T20:21:35.642Z,570.0,7,heartbeat,OPEN,7441,0.0
2026-05-01T20:22:05.642Z,600.0,0,heartbeat,OPEN,7952,0.0
2026-05-01T20:22:05.642Z,600.0,1,heartbeat,OPEN,7952,0.0
2026-05-01T20:22:05.642Z,600.0,2,heartbeat,OPEN,7952,0.0
2026-05-01T20:22:05.642Z,600.0,3,heartbeat,OPEN,7952,0.0
2026-05-01T20:22:05.642Z,600.0,4,heartbeat,OPEN,7952,0.0
2026-05-01T20:22:05.642Z,600.0,5,heartbeat,OPEN,7952,0.0
2026-05-01T20:22:05.642Z,600.0,6,heartbeat,OPEN,7952,0.0
2026-05-01T20:22:05.642Z,600.0,7,heartbeat,OPEN,7952,0.0
2026-05-01T20:22:35.643Z,630.0,0,heartbeat,OPEN,8436,0.2
2026-05-01T20:22:35.643Z,630.0,1,heartbeat,OPEN,8436,0.2
2026-05-01T20:22:35.643Z,630.0,2,heartbeat,OPEN,8436,0.2
2026-05-01T20:22:35.643Z,630.0,3,heartbeat,OPEN,8436,0.2
2026-05-01T20:22:35.643Z,630.0,4,heartbeat,OPEN,8436,0.2
2026-05-01T20:22:35.643Z,630.0,5,heartbeat,OPEN,8436,0.2
2026-05-01T20:22:35.643Z,630.0,6,heartbeat,OPEN,8436,0.2
2026-05-01T20:22:35.643Z,630.0,7,heartbeat,OPEN,8436,0.2
2026-05-01T20:23:05.643Z,660.0,0,heartbeat,OPEN,8889,0.1
2026-05-01T20:23:05.643Z,660.0,1,heartbeat,OPEN,8889,0.1
2026-05-01T20:23:05.643Z,660.0,2,heartbeat,OPEN,8889,0.1
2026-05-01T20:23:05.643Z,660.0,3,heartbeat,OPEN,8889,0.1
2026-05-01T20:23:05.643Z,660.0,4,heartbeat,OPEN,8889,0.1
2026-05-01T20:23:05.643Z,660.0,5,heartbeat,OPEN,8889,0.1
2026-05-01T20:23:05.643Z,660.0,6,heartbeat,OPEN,8889,0.1
2026-05-01T20:23:05.643Z,660.0,7,heartbeat,OPEN,8889,0.1
2026-05-01T20:23:35.643Z,690.0,0,heartbeat,OPEN,9313,0.2
2026-05-01T20:23:35.644Z,690.0,1,heartbeat,OPEN,9313,0.2
2026-05-01T20:23:35.644Z,690.0,2,heartbeat,OPEN,9313,0.2
2026-05-01T20:23:35.644Z,690.0,3,heartbeat,OPEN,9313,0.2
2026-05-01T20:23:35.644Z,690.0,4,heartbeat,OPEN,9313,0.2
2026-05-01T20:23:35.644Z,690.0,5,heartbeat,OPEN,9313,0.2
2026-05-01T20:23:35.644Z,690.0,6,heartbeat,OPEN,9313,0.2
2026-05-01T20:23:35.644Z,690.0,7,heartbeat,OPEN,9313,0.2
2026-05-01T20:24:05.643Z,720.0,0,heartbeat,OPEN,9686,0.3
2026-05-01T20:24:05.643Z,720.0,1,heartbeat,OPEN,9686,0.3
2026-05-01T20:24:05.644Z,720.0,2,heartbeat,OPEN,9686,0.3
2026-05-01T20:24:05.644Z,720.0,3,heartbeat,OPEN,9686,0.3
2026-05-01T20:24:05.644Z,720.0,4,heartbeat,OPEN,9686,0.3
2026-05-01T20:24:05.644Z,720.0,5,heartbeat,OPEN,9686,0.3
2026-05-01T20:24:05.644Z,720.0,6,heartbeat,OPEN,9686,0.3
2026-05-01T20:24:05.644Z,720.0,7,heartbeat,OPEN,9686,0.3
2026-05-01T20:24:35.644Z,750.0,0,heartbeat,OPEN,10313,0.0
2026-05-01T20:24:35.644Z,750.0,1,heartbeat,OPEN,10312,0.2
2026-05-01T20:24:35.644Z,750.0,2,heartbeat,OPEN,10312,0.2
2026-05-01T20:24:35.644Z,750.0,3,heartbeat,OPEN,10312,0.2
2026-05-01T20:24:35.644Z,750.0,4,heartbeat,OPEN,10312,0.2
2026-05-01T20:24:35.644Z,750.0,5,heartbeat,OPEN,10312,0.2
2026-05-01T20:24:35.644Z,750.0,6,heartbeat,OPEN,10312,0.2
2026-05-01T20:24:35.644Z,750.0,7,heartbeat,OPEN,10312,0.2
2026-05-01T20:25:05.644Z,780.0,0,heartbeat,OPEN,10984,0.3
2026-05-01T20:25:05.644Z,780.0,1,heartbeat,OPEN,10984,0.3
2026-05-01T20:25:05.644Z,780.0,2,heartbeat,OPEN,10984,0.3
2026-05-01T20:25:05.644Z,780.0,3,heartbeat,OPEN,10984,0.3
2026-05-01T20:25:05.644Z,780.0,4,heartbeat,OPEN,10984,0.3
2026-05-01T20:25:05.644Z,780.0,5,heartbeat,OPEN,10984,0.3
2026-05-01T20:25:05.644Z,780.0,6,heartbeat,OPEN,10984,0.3
2026-05-01T20:25:05.644Z,780.0,7,heartbeat,OPEN,10984,0.3
2026-05-01T20:25:35.645Z,810.0,0,heartbeat,OPEN,11759,0.0
2026-05-01T20:25:35.645Z,810.0,1,heartbeat,OPEN,11759,0.0
2026-05-01T20:25:35.645Z,810.0,2,heartbeat,OPEN,11759,0.0
2026-05-01T20:25:35.645Z,810.0,3,heartbeat,OPEN,11759,0.0
2026-05-01T20:25:35.645Z,810.0,4,heartbeat,OPEN,11759,0.0
2026-05-01T20:25:35.645Z,810.0,5,heartbeat,OPEN,11759,0.0
2026-05-01T20:25:35.645Z,810.0,6,heartbeat,OPEN,11759,0.0
2026-05-01T20:25:35.645Z,810.0,7,heartbeat,OPEN,11759,0.0
2026-05-01T20:26:05.645Z,840.0,0,heartbeat,OPEN,12950,0.1
2026-05-01T20:26:05.645Z,840.0,1,heartbeat,OPEN,12950,0.1
2026-05-01T20:26:05.645Z,840.0,2,heartbeat,OPEN,12950,0.1
2026-05-01T20:26:05.645Z,840.0,3,heartbeat,OPEN,12950,0.1
2026-05-01T20:26:05.645Z,840.0,4,heartbeat,OPEN,12950,0.1
2026-05-01T20:26:05.645Z,840.0,5,heartbeat,OPEN,12950,0.1
2026-05-01T20:26:05.645Z,840.0,6,heartbeat,OPEN,12950,0.1
2026-05-01T20:26:05.645Z,840.0,7,heartbeat,OPEN,12950,0.1
2026-05-01T20:26:35.645Z,870.0,0,heartbeat,OPEN,14066,0.0
2026-05-01T20:26:35.646Z,870.0,1,heartbeat,OPEN,14066,0.0
2026-05-01T20:26:35.646Z,870.0,2,heartbeat,OPEN,14066,0.0
2026-05-01T20:26:35.646Z,870.0,3,heartbeat,OPEN,14066,0.0
2026-05-01T20:26:35.646Z,870.0,4,heartbeat,OPEN,14066,0.0
2026-05-01T20:26:35.646Z,870.0,5,heartbeat,OPEN,14066,0.0
2026-05-01T20:26:35.646Z,870.0,6,heartbeat,OPEN,14066,0.0
2026-05-01T20:26:35.646Z,870.0,7,heartbeat,OPEN,14066,0.0
2026-05-01T20:27:05.645Z,900.0,0,heartbeat,OPEN,15383,0.1
2026-05-01T20:27:05.645Z,900.0,1,heartbeat,OPEN,15383,0.1
2026-05-01T20:27:05.645Z,900.0,2,heartbeat,OPEN,15383,0.1
2026-05-01T20:27:05.645Z,900.0,3,heartbeat,OPEN,15383,0.1
2026-05-01T20:27:05.645Z,900.0,4,heartbeat,OPEN,15383,0.1
2026-05-01T20:27:05.645Z,900.0,5,heartbeat,OPEN,15383,0.1
2026-05-01T20:27:05.645Z,900.0,6,heartbeat,OPEN,15383,0.1
2026-05-01T20:27:05.645Z,900.0,7,heartbeat,OPEN,15383,0.1
2026-05-01T20:27:35.646Z,930.0,0,heartbeat,OPEN,16685,0.1
2026-05-01T20:27:35.646Z,930.0,1,heartbeat,OPEN,16685,0.1
2026-05-01T20:27:35.646Z,930.0,2,heartbeat,OPEN,16685,0.1
2026-05-01T20:27:35.646Z,930.0,3,heartbeat,OPEN,16685,0.1
2026-05-01T20:27:35.646Z,930.0,4,heartbeat,OPEN,16685,0.1
2026-05-01T20:27:35.646Z,930.0,5,heartbeat,OPEN,16685,0.1
2026-05-01T20:27:35.646Z,930.0,6,heartbeat,OPEN,16685,0.1
2026-05-01T20:27:35.646Z,930.0,7,heartbeat,OPEN,16685,0.1
2026-05-01T20:28:05.646Z,960.0,0,heartbeat,OPEN,17807,0.0
2026-05-01T20:28:05.646Z,960.0,1,heartbeat,OPEN,17807,0.0
2026-05-01T20:28:05.646Z,960.0,2,heartbeat,OPEN,17807,0.0
2026-05-01T20:28:05.646Z,960.0,3,heartbeat,OPEN,17807,0.0
2026-05-01T20:28:05.646Z,960.0,4,heartbeat,OPEN,17807,0.0
2026-05-01T20:28:05.646Z,960.0,5,heartbeat,OPEN,17807,0.0
2026-05-01T20:28:05.646Z,960.0,6,heartbeat,OPEN,17807,0.0
2026-05-01T20:28:05.646Z,960.0,7,heartbeat,OPEN,17807,0.0
2026-05-01T20:28:35.647Z,990.0,0,heartbeat,OPEN,19015,0.2
2026-05-01T20:28:35.647Z,990.0,1,heartbeat,OPEN,19015,0.2
2026-05-01T20:28:35.647Z,990.0,2,heartbeat,OPEN,19015,0.2
2026-05-01T20:28:35.647Z,990.0,3,heartbeat,OPEN,19015,0.2
2026-05-01T20:28:35.647Z,990.0,4,heartbeat,OPEN,19015,0.2
2026-05-01T20:28:35.647Z,990.0,5,heartbeat,OPEN,19015,0.2
2026-05-01T20:28:35.647Z,990.0,6,heartbeat,OPEN,19015,0.2
2026-05-01T20:28:35.647Z,990.0,7,heartbeat,OPEN,19015,0.2
2026-05-01T20:29:05.649Z,1020.1,0,heartbeat,OPEN,19670,0.2
2026-05-01T20:29:05.649Z,1020.1,1,heartbeat,OPEN,19670,0.2
2026-05-01T20:29:05.649Z,1020.1,2,heartbeat,OPEN,19670,0.2
2026-05-01T20:29:05.649Z,1020.1,3,heartbeat,OPEN,19670,0.2
2026-05-01T20:29:05.649Z,1020.1,4,heartbeat,OPEN,19670,0.2
2026-05-01T20:29:05.649Z,1020.1,5,heartbeat,OPEN,19670,0.2
2026-05-01T20:29:05.649Z,1020.1,6,heartbeat,OPEN,19670,0.2
2026-05-01T20:29:05.649Z,1020.1,7,heartbeat,OPEN,19670,0.2
2026-05-01T20:29:35.649Z,1050.1,0,heartbeat,OPEN,20402,0.1
2026-05-01T20:29:35.649Z,1050.1,1,heartbeat,OPEN,20402,0.1
2026-05-01T20:29:35.649Z,1050.1,2,heartbeat,OPEN,20402,0.1
2026-05-01T20:29:35.649Z,1050.1,3,heartbeat,OPEN,20402,0.1
2026-05-01T20:29:35.649Z,1050.1,4,heartbeat,OPEN,20402,0.1
2026-05-01T20:29:35.649Z,1050.1,5,heartbeat,OPEN,20402,0.1
2026-05-01T20:29:35.649Z,1050.1,6,heartbeat,OPEN,20402,0.1
2026-05-01T20:29:35.649Z,1050.1,7,heartbeat,OPEN,20402,0.1
2026-05-01T20:30:05.648Z,1080.0,0,heartbeat,OPEN,20958,0.1
2026-05-01T20:30:05.648Z,1080.0,1,heartbeat,OPEN,20958,0.1
2026-05-01T20:30:05.648Z,1080.0,2,heartbeat,OPEN,20958,0.1
2026-05-01T20:30:05.648Z,1080.0,3,heartbeat,OPEN,20958,0.1
2026-05-01T20:30:05.648Z,1080.0,4,heartbeat,OPEN,20958,0.1
2026-05-01T20:30:05.648Z,1080.0,5,heartbeat,OPEN,20958,0.1
2026-05-01T20:30:05.648Z,1080.0,6,heartbeat,OPEN,20958,0.1
2026-05-01T20:30:05.648Z,1080.0,7,heartbeat,OPEN,20958,0.1
2026-05-01T20:30:35.649Z,1110.1,0,heartbeat,OPEN,21365,0.2
2026-05-01T20:30:35.649Z,1110.1,1,heartbeat,OPEN,21365,0.2
2026-05-01T20:30:35.649Z,1110.1,2,heartbeat,OPEN,21365,0.2
2026-05-01T20:30:35.649Z,1110.1,3,heartbeat,OPEN,21365,0.2
2026-05-01T20:30:35.649Z,1110.1,4,heartbeat,OPEN,21365,0.2
2026-05-01T20:30:35.649Z,1110.1,5,heartbeat,OPEN,21365,0.2
2026-05-01T20:30:35.650Z,1110.1,6,heartbeat,OPEN,21365,0.2
2026-05-01T20:30:35.650Z,1110.1,7,heartbeat,OPEN,21365,0.2
2026-05-01T20:31:05.650Z,1140.1,0,heartbeat,OPEN,21664,0.1
2026-05-01T20:31:05.650Z,1140.1,1,heartbeat,OPEN,21664,0.1
2026-05-01T20:31:05.650Z,1140.1,2,heartbeat,OPEN,21664,0.1
2026-05-01T20:31:05.650Z,1140.1,3,heartbeat,OPEN,21664,0.1
2026-05-01T20:31:05.650Z,1140.1,4,heartbeat,OPEN,21664,0.1
2026-05-01T20:31:05.650Z,1140.1,5,heartbeat,OPEN,21664,0.1
2026-05-01T20:31:05.650Z,1140.1,6,heartbeat,OPEN,21664,0.1
2026-05-01T20:31:05.650Z,1140.1,7,heartbeat,OPEN,21664,0.1
2026-05-01T20:31:35.651Z,1170.1,0,heartbeat,OPEN,22047,0.3
2026-05-01T20:31:35.651Z,1170.1,1,heartbeat,OPEN,22047,0.3
2026-05-01T20:31:35.651Z,1170.1,2,heartbeat,OPEN,22047,0.3
2026-05-01T20:31:35.651Z,1170.1,3,heartbeat,OPEN,22047,0.3
2026-05-01T20:31:35.651Z,1170.1,4,heartbeat,OPEN,22047,0.3
2026-05-01T20:31:35.651Z,1170.1,5,heartbeat,OPEN,22047,0.3
2026-05-01T20:31:35.651Z,1170.1,6,heartbeat,OPEN,22047,0.3
2026-05-01T20:31:35.651Z,1170.1,7,heartbeat,OPEN,22047,0.3
2026-05-01T20:32:05.652Z,1200.1,0,heartbeat,OPEN,22593,0.2
2026-05-01T20:32:05.652Z,1200.1,1,heartbeat,OPEN,22593,0.2
2026-05-01T20:32:05.652Z,1200.1,2,heartbeat,OPEN,22593,0.2
2026-05-01T20:32:05.652Z,1200.1,3,heartbeat,OPEN,22593,0.2
2026-05-01T20:32:05.652Z,1200.1,4,heartbeat,OPEN,22593,0.2
2026-05-01T20:32:05.652Z,1200.1,5,heartbeat,OPEN,22593,0.2
2026-05-01T20:32:05.652Z,1200.1,6,heartbeat,OPEN,22593,0.2
2026-05-01T20:32:05.652Z,1200.1,7,heartbeat,OPEN,22593,0.2
2026-05-01T20:32:35.653Z,1230.1,0,heartbeat,OPEN,23337,0.0
2026-05-01T20:32:35.653Z,1230.1,1,heartbeat,OPEN,23337,0.0
2026-05-01T20:32:35.653Z,1230.1,2,heartbeat,OPEN,23337,0.0
2026-05-01T20:32:35.653Z,1230.1,3,heartbeat,OPEN,23337,0.0
2026-05-01T20:32:35.653Z,1230.1,4,heartbeat,OPEN,23337,0.0
2026-05-01T20:32:35.653Z,1230.1,5,heartbeat,OPEN,23337,0.0
2026-05-01T20:32:35.653Z,1230.1,6,heartbeat,OPEN,23337,0.0
2026-05-01T20:32:35.653Z,1230.1,7,heartbeat,OPEN,23337,0.0
2026-05-01T20:33:05.653Z,1260.1,0,heartbeat,OPEN,24328,0.2
2026-05-01T20:33:05.653Z,1260.1,1,heartbeat,OPEN,24328,0.2
2026-05-01T20:33:05.653Z,1260.1,2,heartbeat,OPEN,24328,0.2
2026-05-01T20:33:05.653Z,1260.1,3,heartbeat,OPEN,24328,0.2
2026-05-01T20:33:05.653Z,1260.1,4,heartbeat,OPEN,24328,0.2
2026-05-01T20:33:05.653Z,1260.1,5,heartbeat,OPEN,24328,0.2
2026-05-01T20:33:05.653Z,1260.1,6,heartbeat,OPEN,24328,0.2
2026-05-01T20:33:05.653Z,1260.1,7,heartbeat,OPEN,24328,0.2
2026-05-01T20:33:35.654Z,1290.1,0,heartbeat,OPEN,24947,0.1
2026-05-01T20:33:35.654Z,1290.1,1,heartbeat,OPEN,24947,0.1
2026-05-01T20:33:35.654Z,1290.1,2,heartbeat,OPEN,24947,0.1
2026-05-01T20:33:35.654Z,1290.1,3,heartbeat,OPEN,24947,0.1
2026-05-01T20:33:35.654Z,1290.1,4,heartbeat,OPEN,24947,0.1
2026-05-01T20:33:35.654Z,1290.1,5,heartbeat,OPEN,24947,0.1
2026-05-01T20:33:35.654Z,1290.1,6,heartbeat,OPEN,24947,0.1
2026-05-01T20:33:35.654Z,1290.1,7,heartbeat,OPEN,24947,0.1
2026-05-01T20:34:05.654Z,1320.1,0,heartbeat,OPEN,25262,0.2
2026-05-01T20:34:05.654Z,1320.1,1,heartbeat,OPEN,25262,0.2
2026-05-01T20:34:05.654Z,1320.1,2,heartbeat,OPEN,25262,0.2
2026-05-01T20:34:05.654Z,1320.1,3,heartbeat,OPEN,25262,0.2
2026-05-01T20:34:05.654Z,1320.1,4,heartbeat,OPEN,25262,0.2
2026-05-01T20:34:05.654Z,1320.1,5,heartbeat,OPEN,25262,0.2
2026-05-01T20:34:05.654Z,1320.1,6,heartbeat,OPEN,25262,0.2
2026-05-01T20:34:05.654Z,1320.1,7,heartbeat,OPEN,25262,0.2
2026-05-01T20:34:35.656Z,1350.1,0,heartbeat,OPEN,25487,0.4
2026-05-01T20:34:35.656Z,1350.1,1,heartbeat,OPEN,25487,0.4
2026-05-01T20:34:35.656Z,1350.1,2,heartbeat,OPEN,25487,0.4
2026-05-01T20:34:35.656Z,1350.1,3,heartbeat,OPEN,25487,0.4
2026-05-01T20:34:35.656Z,1350.1,4,heartbeat,OPEN,25487,0.4
2026-05-01T20:34:35.656Z,1350.1,5,heartbeat,OPEN,25487,0.4
2026-05-01T20:34:35.656Z,1350.1,6,heartbeat,OPEN,25487,0.4
2026-05-01T20:34:35.656Z,1350.1,7,heartbeat,OPEN,25487,0.4
2026-05-01T20:35:05.656Z,1380.1,0,heartbeat,OPEN,25703,0.4
2026-05-01T20:35:05.656Z,1380.1,1,heartbeat,OPEN,25703,0.4
2026-05-01T20:35:05.656Z,1380.1,2,heartbeat,OPEN,25703,0.4
2026-05-01T20:35:05.656Z,1380.1,3,heartbeat,OPEN,25703,0.4
2026-05-01T20:35:05.656Z,1380.1,4,heartbeat,OPEN,25703,0.4
2026-05-01T20:35:05.656Z,1380.1,5,heartbeat,OPEN,25703,0.4
2026-05-01T20:35:05.656Z,1380.1,6,heartbeat,OPEN,25703,0.4
2026-05-01T20:35:05.656Z,1380.1,7,heartbeat,OPEN,25703,0.4
2026-05-01T20:35:35.657Z,1410.1,0,heartbeat,OPEN,25935,0.1
2026-05-01T20:35:35.657Z,1410.1,1,heartbeat,OPEN,25935,0.1
2026-05-01T20:35:35.657Z,1410.1,2,heartbeat,OPEN,25935,0.1
2026-05-01T20:35:35.657Z,1410.1,3,heartbeat,OPEN,25935,0.1
2026-05-01T20:35:35.657Z,1410.1,4,heartbeat,OPEN,25935,0.1
2026-05-01T20:35:35.657Z,1410.1,5,heartbeat,OPEN,25935,0.1
2026-05-01T20:35:35.657Z,1410.1,6,heartbeat,OPEN,25935,0.1
2026-05-01T20:35:35.657Z,1410.1,7,heartbeat,OPEN,25935,0.1
2026-05-01T20:36:05.656Z,1440.1,0,heartbeat,OPEN,26376,0.1
2026-05-01T20:36:05.656Z,1440.1,1,heartbeat,OPEN,26376,0.1
2026-05-01T20:36:05.656Z,1440.1,2,heartbeat,OPEN,26376,0.1
2026-05-01T20:36:05.656Z,1440.1,3,heartbeat,OPEN,26376,0.1
2026-05-01T20:36:05.656Z,1440.1,4,heartbeat,OPEN,26376,0.1
2026-05-01T20:36:05.656Z,1440.1,5,heartbeat,OPEN,26376,0.1
2026-05-01T20:36:05.656Z,1440.1,6,heartbeat,OPEN,26376,0.1
2026-05-01T20:36:05.656Z,1440.1,7,heartbeat,OPEN,26376,0.1
2026-05-01T20:36:35.657Z,1470.1,0,heartbeat,OPEN,26896,0.1
2026-05-01T20:36:35.657Z,1470.1,1,heartbeat,OPEN,26896,0.1
2026-05-01T20:36:35.657Z,1470.1,2,heartbeat,OPEN,26896,0.1
2026-05-01T20:36:35.657Z,1470.1,3,heartbeat,OPEN,26896,0.1
2026-05-01T20:36:35.657Z,1470.1,4,heartbeat,OPEN,26896,0.1
2026-05-01T20:36:35.657Z,1470.1,5,heartbeat,OPEN,26896,0.1
2026-05-01T20:36:35.657Z,1470.1,6,heartbeat,OPEN,26896,0.1
2026-05-01T20:36:35.657Z,1470.1,7,heartbeat,OPEN,26896,0.1
2026-05-01T20:37:05.657Z,1500.1,0,heartbeat,OPEN,27376,0.4
2026-05-01T20:37:05.657Z,1500.1,1,heartbeat,OPEN,27376,0.4
2026-05-01T20:37:05.657Z,1500.1,2,heartbeat,OPEN,27376,0.4
2026-05-01T20:37:05.657Z,1500.1,3,heartbeat,OPEN,27376,0.4
2026-05-01T20:37:05.657Z,1500.1,4,heartbeat,OPEN,27376,0.4
2026-05-01T20:37:05.657Z,1500.1,5,heartbeat,OPEN,27376,0.4
2026-05-01T20:37:05.657Z,1500.1,6,heartbeat,OPEN,27376,0.4
2026-05-01T20:37:05.657Z,1500.1,7,heartbeat,OPEN,27376,0.4
2026-05-01T20:37:35.657Z,1530.1,0,heartbeat,OPEN,27713,0.3
2026-05-01T20:37:35.657Z,1530.1,1,heartbeat,OPEN,27713,0.3
2026-05-01T20:37:35.658Z,1530.1,2,heartbeat,OPEN,27713,0.3
2026-05-01T20:37:35.658Z,1530.1,3,heartbeat,OPEN,27713,0.3
2026-05-01T20:37:35.658Z,1530.1,4,heartbeat,OPEN,27713,0.3
2026-05-01T20:37:35.658Z,1530.1,5,heartbeat,OPEN,27713,0.3
2026-05-01T20:37:35.658Z,1530.1,6,heartbeat,OPEN,27713,0.3
2026-05-01T20:37:35.658Z,1530.1,7,heartbeat,OPEN,27713,0.3
2026-05-01T20:38:05.658Z,1560.1,0,heartbeat,OPEN,28028,0.0
2026-05-01T20:38:05.658Z,1560.1,1,heartbeat,OPEN,28028,0.0
2026-05-01T20:38:05.658Z,1560.1,2,heartbeat,OPEN,28028,0.0
2026-05-01T20:38:05.658Z,1560.1,3,heartbeat,OPEN,28028,0.0
2026-05-01T20:38:05.659Z,1560.1,4,heartbeat,OPEN,28028,0.0
2026-05-01T20:38:05.659Z,1560.1,5,heartbeat,OPEN,28028,0.0
2026-05-01T20:38:05.659Z,1560.1,6,heartbeat,OPEN,28028,0.0
2026-05-01T20:38:05.659Z,1560.1,7,heartbeat,OPEN,28028,0.0
2026-05-01T20:38:35.661Z,1590.1,0,heartbeat,OPEN,28314,0.3
2026-05-01T20:38:35.661Z,1590.1,1,heartbeat,OPEN,28314,0.3
2026-05-01T20:38:35.661Z,1590.1,2,heartbeat,OPEN,28314,0.3
2026-05-01T20:38:35.661Z,1590.1,3,heartbeat,OPEN,28314,0.3
2026-05-01T20:38:35.661Z,1590.1,4,heartbeat,OPEN,28314,0.3
2026-05-01T20:38:35.661Z,1590.1,5,heartbeat,OPEN,28314,0.3
2026-05-01T20:38:35.661Z,1590.1,6,heartbeat,OPEN,28314,0.3
2026-05-01T20:38:35.661Z,1590.1,7,heartbeat,OPEN,28314,0.3
2026-05-01T20:39:05.661Z,1620.1,0,heartbeat,OPEN,28615,0.1
2026-05-01T20:39:05.661Z,1620.1,1,heartbeat,OPEN,28615,0.1
2026-05-01T20:39:05.661Z,1620.1,2,heartbeat,OPEN,28615,0.1
2026-05-01T20:39:05.661Z,1620.1,3,heartbeat,OPEN,28615,0.1
2026-05-01T20:39:05.661Z,1620.1,4,heartbeat,OPEN,28615,0.1
2026-05-01T20:39:05.661Z,1620.1,5,heartbeat,OPEN,28615,0.1
2026-05-01T20:39:05.661Z,1620.1,6,heartbeat,OPEN,28615,0.1
2026-05-01T20:39:05.661Z,1620.1,7,heartbeat,OPEN,28615,0.1
2026-05-01T20:39:35.664Z,1650.1,0,heartbeat,OPEN,28875,0.4
2026-05-01T20:39:35.664Z,1650.1,1,heartbeat,OPEN,28875,0.4
2026-05-01T20:39:35.664Z,1650.1,2,heartbeat,OPEN,28875,0.4
2026-05-01T20:39:35.664Z,1650.1,3,heartbeat,OPEN,28875,0.4
2026-05-01T20:39:35.664Z,1650.1,4,heartbeat,OPEN,28875,0.4
2026-05-01T20:39:35.664Z,1650.1,5,heartbeat,OPEN,28875,0.4
2026-05-01T20:39:35.664Z,1650.1,6,heartbeat,OPEN,28875,0.4
2026-05-01T20:39:35.664Z,1650.1,7,heartbeat,OPEN,28875,0.4
2026-05-01T20:40:05.664Z,1680.1,0,heartbeat,OPEN,29051,0.4
2026-05-01T20:40:05.664Z,1680.1,1,heartbeat,OPEN,29051,0.4
2026-05-01T20:40:05.664Z,1680.1,2,heartbeat,OPEN,29051,0.4
2026-05-01T20:40:05.664Z,1680.1,3,heartbeat,OPEN,29051,0.4
2026-05-01T20:40:05.664Z,1680.1,4,heartbeat,OPEN,29051,0.4
2026-05-01T20:40:05.664Z,1680.1,5,heartbeat,OPEN,29051,0.4
2026-05-01T20:40:05.664Z,1680.1,6,heartbeat,OPEN,29051,0.4
2026-05-01T20:40:05.664Z,1680.1,7,heartbeat,OPEN,29051,0.4
2026-05-01T20:40:35.667Z,1710.1,0,heartbeat,OPEN,29197,0.4
2026-05-01T20:40:35.667Z,1710.1,1,heartbeat,OPEN,29197,0.4
2026-05-01T20:40:35.667Z,1710.1,2,heartbeat,OPEN,29197,0.4
2026-05-01T20:40:35.667Z,1710.1,3,heartbeat,OPEN,29197,0.4
2026-05-01T20:40:35.667Z,1710.1,4,heartbeat,OPEN,29197,0.4
2026-05-01T20:40:35.667Z,1710.1,5,heartbeat,OPEN,29197,0.4
2026-05-01T20:40:35.667Z,1710.1,6,heartbeat,OPEN,29197,0.4
2026-05-01T20:40:35.667Z,1710.1,7,heartbeat,OPEN,29197,0.4
2026-05-01T20:41:05.668Z,1740.1,0,heartbeat,OPEN,29277,0.4
2026-05-01T20:41:05.668Z,1740.1,1,heartbeat,OPEN,29277,0.4
2026-05-01T20:41:05.668Z,1740.1,2,heartbeat,OPEN,29277,0.4
2026-05-01T20:41:05.668Z,1740.1,3,heartbeat,OPEN,29277,0.4
2026-05-01T20:41:05.668Z,1740.1,4,heartbeat,OPEN,29277,0.4
2026-05-01T20:41:05.668Z,1740.1,5,heartbeat,OPEN,29277,0.4
2026-05-01T20:41:05.668Z,1740.1,6,heartbeat,OPEN,29277,0.4
2026-05-01T20:41:05.668Z,1740.1,7,heartbeat,OPEN,29277,0.4
2026-05-01T20:41:35.669Z,1770.1,0,heartbeat,OPEN,29470,0.4
2026-05-01T20:41:35.669Z,1770.1,1,heartbeat,OPEN,29470,0.4
2026-05-01T20:41:35.669Z,1770.1,2,heartbeat,OPEN,29470,0.4
2026-05-01T20:41:35.669Z,1770.1,3,heartbeat,OPEN,29470,0.4
2026-05-01T20:41:35.669Z,1770.1,4,heartbeat,OPEN,29470,0.4
2026-05-01T20:41:35.669Z,1770.1,5,heartbeat,OPEN,29470,0.4
2026-05-01T20:41:35.669Z,1770.1,6,heartbeat,OPEN,29470,0.4
2026-05-01T20:41:35.669Z,1770.1,7,heartbeat,OPEN,29470,0.4
2026-05-01T20:42:05.638Z,1800.0,4,error,CLOSED,29722,0.3
2026-05-01T20:42:05.638Z,1800.0,4,close_code=1006,CLOSED,29722,0.3
2026-05-01T20:42:05.638Z,1800.0,5,error,CLOSED,29722,0.3
2026-05-01T20:42:05.638Z,1800.0,5,close_code=1006,CLOSED,29722,0.3
2026-05-01T20:42:05.638Z,1800.0,1,error,CLOSED,29722,0.3
2026-05-01T20:42:05.638Z,1800.0,1,close_code=1006,CLOSED,29722,0.3
2026-05-01T20:42:05.638Z,1800.0,2,error,CLOSED,29722,0.3
2026-05-01T20:42:05.638Z,1800.0,2,close_code=1006,CLOSED,29722,0.3
2026-05-01T20:42:05.638Z,1800.0,3,error,CLOSED,29722,0.3
2026-05-01T20:42:05.638Z,1800.0,3,close_code=1006,CLOSED,29722,0.3
2026-05-01T20:42:05.638Z,1800.0,0,error,CLOSED,29722,0.3
2026-05-01T20:42:05.639Z,1800.0,0,close_code=1006,CLOSED,29722,0.3
2026-05-01T20:42:05.639Z,1800.0,7,error,CLOSED,29722,0.3
2026-05-01T20:42:05.639Z,1800.0,7,close_code=1006,CLOSED,29722,0.3
2026-05-01T20:42:05.639Z,1800.0,6,error,CLOSED,29722,0.3
2026-05-01T20:42:05.639Z,1800.0,6,close_code=1006,CLOSED,29722,0.3
2026-05-01T20:42:05.670Z,1800.1,0,heartbeat,CLOSED,29722,0.4
2026-05-01T20:42:05.671Z,1800.1,1,heartbeat,CLOSED,29722,0.4
2026-05-01T20:42:05.671Z,1800.1,2,heartbeat,CLOSED,29722,0.4
2026-05-01T20:42:05.671Z,1800.1,3,heartbeat,CLOSED,29722,0.4
2026-05-01T20:42:05.671Z,1800.1,4,heartbeat,CLOSED,29722,0.4
2026-05-01T20:42:05.671Z,1800.1,5,heartbeat,CLOSED,29722,0.4
2026-05-01T20:42:05.671Z,1800.1,6,heartbeat,CLOSED,29722,0.4
2026-05-01T20:42:05.671Z,1800.1,7,heartbeat,CLOSED,29722,0.4
